use ticketshackds;

insert into CIVILITE (ID_CIVILITE, LIBELLE_CIVILITE) values (9, 'EHUAO4DIDCP9VER61NV2ERTWMW474E');

insert into CIVILITE (ID_CIVILITE, LIBELLE_CIVILITE) values (15, 'JKGDSP314O1540KWVJW6MP5D67WKSO');

insert into CIVILITE (ID_CIVILITE, LIBELLE_CIVILITE) values (13, '0AP4IRR45UO96C3X266W 5RUAFT57J');

insert into CIVILITE (ID_CIVILITE, LIBELLE_CIVILITE) values (7, 'A90L7Y8RUK5 WTDAO554550LJ1AJ 2');

insert into CIVILITE (ID_CIVILITE, LIBELLE_CIVILITE) values (5, 'OQ95O D6FBE6UBHKBB70440QREH28T');

insert into CIVILITE (ID_CIVILITE, LIBELLE_CIVILITE) values (11, 'S0FVNS2GDMWA38M3WBNO9 TVTU3FCQ');

insert into CIVILITE (ID_CIVILITE, LIBELLE_CIVILITE) values (12, 'IKJX4D3I00JHD3M26PCIRFIL57WE79');

insert into CIVILITE (ID_CIVILITE, LIBELLE_CIVILITE) values (10, 'X3W0VNWXH2EKT4OQ837ONROHJT2S32');

insert into CIVILITE (ID_CIVILITE, LIBELLE_CIVILITE) values (17, 'VF4TMQG9 RDYB38TBWNFCB2WYDLARA');

insert into CIVILITE (ID_CIVILITE, LIBELLE_CIVILITE) values (0, 'V8P80RSORQO6844TJLH978EBY9VABL');

insert into CIVILITE (ID_CIVILITE, LIBELLE_CIVILITE) values (16, 'U2AQGQL516YNEBPOQA93FCKRTPESVE');

insert into CIVILITE (ID_CIVILITE, LIBELLE_CIVILITE) values (19, 'JEIWC1UX5CJ01DGBUWJIQOEKOFHY93');

insert into CIVILITE (ID_CIVILITE, LIBELLE_CIVILITE) values (8, 'BPCKE0OBNPBU BSSB4W7IT0BPARVXW');

insert into CIVILITE (ID_CIVILITE, LIBELLE_CIVILITE) values (18, '8GN674RXSDQVVDKNQIFNF751 MPQAU');

insert into CIVILITE (ID_CIVILITE, LIBELLE_CIVILITE) values (1, '2TPSCNS7CPYPW30P318TAP8NFD9XP3');

insert into CIVILITE (ID_CIVILITE, LIBELLE_CIVILITE) values (6, '38HFXPWW25FP7F215UUTDLC0HFXFC6');

insert into CIVILITE (ID_CIVILITE, LIBELLE_CIVILITE) values (4, '6F646RWFUKBFTQCA46 XLR2E75KKQ7');

insert into CIVILITE (ID_CIVILITE, LIBELLE_CIVILITE) values (2, 'EYIPXPTCFVP92PV10Q0YHAS4 IFO4C');

insert into CIVILITE (ID_CIVILITE, LIBELLE_CIVILITE) values (3, 'G4GK5RYDF11J3F4QG8KWQPXC7FLRM0');

insert into CIVILITE (ID_CIVILITE, LIBELLE_CIVILITE) values (14, '52709VLF5NQ53POGLH B6H8NVQCP3Q');

insert into CATEGORIE (ID_CATEGORIE, LIBELLE_CATEGORIE) values (2, 'H74KWFKMMW48KPUJAYDI9Y670BAQFK7S4RE1QAE0TL03T4YTB5');

insert into CATEGORIE (ID_CATEGORIE, LIBELLE_CATEGORIE) values (16, '9J15II7QW3BQFQY7J26IUSFDTRX YVLOUCYQIPHULCY3BVX KX');

insert into CATEGORIE (ID_CATEGORIE, LIBELLE_CATEGORIE) values (4, 'PRYXTBJIGSKS8IECV8Q6UU5FVJK88N18NHW9NNPYROKIKUPFIU');

insert into CATEGORIE (ID_CATEGORIE, LIBELLE_CATEGORIE) values (5, 'U8L2VOAIYQFX 21NSJWSE4 HQX9 4TCFI4CXMT97A6AP0WRYVH');

insert into CATEGORIE (ID_CATEGORIE, LIBELLE_CATEGORIE) values (7, 'T98G2PXS7DH8KIHY 4R KEGBU08LGSCNWRBSOFYSOM7P98GRMD');

insert into CATEGORIE (ID_CATEGORIE, LIBELLE_CATEGORIE) values (11, 'ISE8BDMJI6VGUEL3DPYKX4KT27SYDFVTF3DTOABQ2IE62IOHMS');

insert into CATEGORIE (ID_CATEGORIE, LIBELLE_CATEGORIE) values (1, 'A0RAAFTVER58QB097K97OQIDQYCIUBCV3FJ12DVE3HMOIERY19');

insert into CATEGORIE (ID_CATEGORIE, LIBELLE_CATEGORIE) values (12, ' R1YUYMWPNLFCWWHMHT62NIJS0UGRBUEQJXYMVKR44NSX61EFN');

insert into CATEGORIE (ID_CATEGORIE, LIBELLE_CATEGORIE) values (13, 'RGOW 0OBL3KVA1E 8FY2UXPY2JXEM4FFD1KURKEMY BHWX I1A');

insert into CATEGORIE (ID_CATEGORIE, LIBELLE_CATEGORIE) values (0, 'GYJGJ66YQOI91PEV4KRN1VE MIYKGERJ9CH0PMKI9KF2T5X1AL');

insert into CATEGORIE (ID_CATEGORIE, LIBELLE_CATEGORIE) values (9, 'Q9QWN6NOHYUS2E1FA1E34SY QF9G8UGT64OGQO54CU7T 61TDH');

insert into CATEGORIE (ID_CATEGORIE, LIBELLE_CATEGORIE) values (18, 'TA KQAQWY5YPNLFJ15YVBE6NLGOF JY34UNR57FQJO06CLIK1L');

insert into CATEGORIE (ID_CATEGORIE, LIBELLE_CATEGORIE) values (3, 'W8XFCE5NRR51 5L7SE8WKRKEI0MYCU06FFAL1S1600C48NJTGR');

insert into CATEGORIE (ID_CATEGORIE, LIBELLE_CATEGORIE) values (19, 'JXRJQLX408JO5CP88N96DRH5W17970W748C8RE0IMDK3VB5N3R');

insert into CATEGORIE (ID_CATEGORIE, LIBELLE_CATEGORIE) values (8, 'PLF1MAOF7A 0PAO8HPCYSF4PKNHBHSSIXPEJ0R4CEO7YQPBN2G');

insert into CATEGORIE (ID_CATEGORIE, LIBELLE_CATEGORIE) values (6, '87I7N0KODDOVQV8TLONY38L1BU3BQQSM71SEWFB4 J0FV8PXAU');

insert into CATEGORIE (ID_CATEGORIE, LIBELLE_CATEGORIE) values (15, 'QG4 HNQN74605149HN3IDKRN1YQD7OT9R25UIFW8S9DIE4SLPR');

insert into CATEGORIE (ID_CATEGORIE, LIBELLE_CATEGORIE) values (14, '083A5KL89IECJ2HOPHV CCT3LML24LWSY0K6P S629QWVD0CW0');

insert into CATEGORIE (ID_CATEGORIE, LIBELLE_CATEGORIE) values (10, 'LJLNI3O6JL URUPLOT I1U7LEY73NA9WG 6QFWYDV5DQA7N74F');

insert into CATEGORIE (ID_CATEGORIE, LIBELLE_CATEGORIE) values (17, 'IO1EA ER142VX20WQ1DAATXU8KQCNFBVWWPAG7H8VA3NJRMHUY');

insert into THEME (ID_THEME, LIBELLE_THEME) values (19, 'ME05IUSCBE5B02RLB JN AIQ0WG9YLV175ECT35MQCJIMGS3L1');

insert into THEME (ID_THEME, LIBELLE_THEME) values (4, 'TXQQEXWIMSQAMD0B6NSTF YBED0HBWOHMIV8NKT2MFX6B87TP7');

insert into THEME (ID_THEME, LIBELLE_THEME) values (18, 'G980PFTWDL7L6P J6ORGJMQS3X9YUKO8D0WUQK68JO5BQ18CXF');

insert into THEME (ID_THEME, LIBELLE_THEME) values (2, ' 3S1GLALJM5914M3M9VO4NUYM  QYE 7CMG6JP4M U9M0FR0AS');

insert into THEME (ID_THEME, LIBELLE_THEME) values (3, 'XHKO54W2PU1BO5OUAR27OV81G65UYKLIQNPVT9YSLFLV TJ88E');

insert into THEME (ID_THEME, LIBELLE_THEME) values (6, 'F8NOP5XH79V1198T31TTLWGG3196CW6N777OMV0VANP2XGAGF3');

insert into THEME (ID_THEME, LIBELLE_THEME) values (9, 'FIOX8XB5BE YBWIUY8 7 UN1EKWSNSXWIJ86WDG7Y1D5C1FE30');

insert into THEME (ID_THEME, LIBELLE_THEME) values (14, 'NXU Q56UA5JFDOIWKG6XDKV81PLXEAY8YR86VC2QVUST 1PW3U');

insert into THEME (ID_THEME, LIBELLE_THEME) values (1, '3QXTMGPQX 79OV725J3RX PTVU8R0801QSCNDNW BL05TCGXQ0');

insert into THEME (ID_THEME, LIBELLE_THEME) values (15, 'QN4NQNABWTQ 9G821XP4VVS271KFK13GDIKBMKH1 9VNL2PDSO');

insert into THEME (ID_THEME, LIBELLE_THEME) values (16, 'TNOHBLH2LD5SEQWWQWSH2KVFS6HMBFL3FB6K 9TM4QN7TGHMIQ');

insert into THEME (ID_THEME, LIBELLE_THEME) values (10, 'G JI5OJU9H9XRIQP HV1G7VL7XJAKJHLO9IBPNKE1LSEVEJQHA');

insert into THEME (ID_THEME, LIBELLE_THEME) values (13, '2UWG5BSBVPWRNL77NAP2YYMO5BTG4SWOQJ06QS7C15FJKAMCLR');

insert into THEME (ID_THEME, LIBELLE_THEME) values (11, 'MS92O0N1QGCL402RUC 7YNDWH7BPBU1W5WLNMLLU0DIC B87S4');

insert into THEME (ID_THEME, LIBELLE_THEME) values (17, 'R8DL88NBK5DKPQCKL3P1DWFBKMX9IEHRFXJ2Y8QLGFR CAH7E3');

insert into THEME (ID_THEME, LIBELLE_THEME) values (0, 'UNCAXKVDB55QWPYQBQ YWVNP4ARF5APUVDY1SKG180GK7JTIEU');

insert into THEME (ID_THEME, LIBELLE_THEME) values (7, 'PDJ5EL 9QY6JSXBSM1KVRCJFS6Y1 J7BMBDMG3LD5MRQC9H6U1');

insert into THEME (ID_THEME, LIBELLE_THEME) values (12, '49TJWPGPW4 IYR7JCM3K RWY9VPAIF4TJM58QUW73TUHOE0PRK');

insert into THEME (ID_THEME, LIBELLE_THEME) values (5, '3V 7UJF3PRA41 81VE8EJNWC7X55LE35U765YR7QNVIG40VOKG');

insert into THEME (ID_THEME, LIBELLE_THEME) values (8, 'FNTXW45SWIJ374760N7 W8G8LD0DFXEA3I8S2NCCBRG67GLTLH');

insert into EVENEMENT (ID_EVENEMENT, ID_CATEGORIE, LIBELLE_EVENEMENT, DESCRIPTIF, PARUTION, AFFICHE, VIDEO, PERSONNAGE1, PERSONNAGE2, PERSONNAGE3) values (13, 14, '7D8XH01VQFAXBIN9RHS03H2CT141IE3S2UNCW0C8G5S0HIU58NADT5T8E OKBOVO7YP419ST0610C5YJ5OYAVSKDTTFFMR5YAYVB', ' OXELKIMX 7NXQE117PTYASNRTSMJ0E8QLDL4XNOYTN5VB1PNQAPO2TXO2G4MSL WP5 CK9TKGKCK9WWY0NASLW07TNS4L3L1J0N5W5PVY8M1M1RVSTGPSKN5THD2F4Q9YFEICH9IOP1FDRLQ5QSXHKTY5 8L84A7CPMF5MIMEUAUEOTHN1L EYMHAUEUVUA1DUEWI9MVD8RFHN2J77QC62B66LL 0BWH8RG JEYH6CGCBV2U6FRMEHD23J68DU', '1001-2-19', 'NR4TJ08VSMBCTV22I1XPXKNAPXQH75DX 0LS WYRJLAADQLAU04 9I7QTM H8  STH8YW2 OXNWQ32Q8920ECE79K3UOFVMPQQKW', 'SB NLV8J7JYKB70DUIM0SVXTHEWHTO7L5VH7M864BDL07WKPBSTVVBXF0QYYTJ4GAL8HUV B13I1A71B KFJ 5I4RP5YBM7I04PI', 'R623SU7D0OIX66S4BH33D5BV0DN4MGA9XVNU3AMWJR85 L3M4H9RXF8I40PCCH06RA1A IV2HMM7NDR5S6HX GEB5L1AD1KCTY E', 'XO75TT4M62ARRACAWNO2UF55QN1S05BD5KH9YSQ2ABQ7240JNPA 4I4Q2PVRG7FSPCP USOSB37S0L2HH0OPPJOC3H5AGQNGSJB9', 'E592T6B2FRB3NLM65CDWRXXTU7IKD5FLTD41R4KMUWAMNIP7DSVALO1J4GYDHWFOLYF2DEKEXTKI2Y5KLASE72A1LJLGCUVGF7L6');

insert into EVENEMENT (ID_EVENEMENT, ID_CATEGORIE, LIBELLE_EVENEMENT, DESCRIPTIF, PARUTION, AFFICHE, VIDEO, PERSONNAGE1, PERSONNAGE2, PERSONNAGE3) values (17, 5, '584F3QIPR1I8E0LK1DPNJGORC8LYIJAIJBG3VHJKPM94GKRQ4Q07H9MCEI48KT 3HT412H3N2DACAMVV LFA618KRYXER8PYDXSI', 'HQG07S8916VC2VJRRYAQXFH3BMTR3RH IMY0PFHDH9T6X7L28VQX3CS3WVF32WTMME4YL03K4JXN0MYRO50KR2LX0FH8EWQWOWPTAQTXXCD8 GX6HW405A2CQDXK13H9LIWCRT9T1IUA52PU8RGE3QAB8C4BMU9EI280QHYWQHCWGRGNKUQN2486WHRGHJ6BO2P7H0C3F6DYJ07PDW7G9ATH8I2RIM7AKEQY0OQOQ2S3M7XEN4EBH0T4XOLSCH8', '682-9-18', 'XROGJBT09ANOMYKBFWRRALUQ36M3SQYRS6U7IIG37MSL8TIRNO8GUSBXK2IINTJE5DH2FL M9BT42AEFB89JMODA8Q4NGT9BTBVG', 'I4R0VERK3PU57WK45GN69YRY4Q9HAYJEISETEXSNPE8UFRJTYQ5G31BLL2VU0IQG42LX569HPP5L41 1KUKJUHMOM9HP74L4AJR8', '04JI5HAJ3VR PPGS3PGJNKM860I58Q1OTLE1GYN8CHCLQQM8WNDJSQ7297S4NXKDYALLS3U1CD2KA79T0LDU8DEE5ALY98PB4HH9', '0JW STL43GM5L6EQDG70WYF2B4YPOQ24F57HEV4 DSJ69NCOENWFMVGWU82JM9XUP97VRJ66E6GWRSOEMTP0H EPCBJMYI8RWR7B', 'WJ4BCQLIRHF0RCX3F 49PFSXSJD8GRT OWBBADO3NMBHAVWT0A8BEHPLTEULGQ2T RIMJRUCPQV2742PTQLE5H9UCSH5MM3N6DCK');

insert into EVENEMENT (ID_EVENEMENT, ID_CATEGORIE, LIBELLE_EVENEMENT, DESCRIPTIF, PARUTION, AFFICHE, VIDEO, PERSONNAGE1, PERSONNAGE2, PERSONNAGE3) values (11, 14, 'Y82QUIW4FV0TFN89NX5KFTGATR RKQD2BL193BQUXF60EF1QFIY1F9IW3N5SGA2BHVF8TVO2DS2KSFOEMTWETD3DEOB JIC2APDG', 'UQL24YVG2F3USOTFHL8DG66X6ROAV8O3VXNXFLWK3EU87ADHWHJHXGMS4SVK31NHF24X8X77UOC0EODRWTVJL5BWN406DE0 X731TI6BLK7P5QDU08JR0N5NQ1ICEI962J5Q4MAS0CI601 63IGTK23FN18ML92GTFFTX71D MXQBSU68L0NG47FXPL28516DFNHTTXRP2N37UK4SM4SM9HTESJ2BFVLA8 F4OJKNHDCLQU7GTA SJ M69IFMX8', '1128-7-30', 'HCFVUERIHAJLN0UIKQUCI6NCWWSOKYLUDWKSDWW7F909YD4Y5VFFTDHM7ML971IYBUWY9OSSGYP2KJNMCAKGM5AN41 KLARK34TN', 'QK5GAHEEQIT9K49N5MT5LB7RT2M1E76ATHN42XJRTV7878CMMS82GQ0GXFNYEIU824C3BOW WOLR4CQ  5KROANUL9TSS8K 5N09', '3BTD6QQOALBP3S0462JFDVDIRTD10EQBTGBAVLHU9NNRVE18DWP2IFVSD47QB5B5 RTHJWP67NTH2GM63BUV7E5XX4Q8SPED4WND', 'KXIUAJSBFWRUE6EPMWLOP P7 PIFO2ENL754N8Q0M4D4NBH8C6O2BBNA4XMK6YNDJ9DEO BBQJHIR69VW7MB4Q9GR8P02KON72S7', '9CX1W5E01TKKOYJ 0L7RDYRRRCH3MTQMC2JL82KPR2CUIKMLJE13Y3GD76IGR4VF1621RL8Q1D3O9 N TX0958K5RVBM079R8DP4');

insert into EVENEMENT (ID_EVENEMENT, ID_CATEGORIE, LIBELLE_EVENEMENT, DESCRIPTIF, PARUTION, AFFICHE, VIDEO, PERSONNAGE1, PERSONNAGE2, PERSONNAGE3) values (8, 8, '27XIUW57L085U71QP3I 4WCW88 A59V809W2 1QERG509G9O6CF56VXT2501Y0NNRUEQ00V7CY37IU5OEXOJ0IINLXSN5U6DGQDP', 'TDM6OYPFAKYB25MEJ6MIJGNUTO6LER4VXPNIN8F7CGKB4DD035KB3Y 57IR9K27KVMFQ7M2J0ONMVIFETVGRPAJ3MOFM0Q 2ITA7NLF3ISP31L EJ73FTD1VPEP95MY8N7OTME3K0OC4SGTVY4KHCUTP26BAUI7XY 7W716QIICKONEOP21JI2VT4U4FBTK00NOFUDJCYPMVMLUPCLXT2AUJCF4U9UGEA 0UHXN66 C00FWXBNO11H25YCJ9RN ', '54-12-15', '1K70IL8BVP6EOPG FA2QXHYPLBSQY4DS6ACR6R1 9WSD764AQE2CFTCG5M9IRNIW9FJ4JICM43SRJ8C954U5 9R86M5AUVW9TII9', 'PSLWLHSVMX4WXSRL98LMXJHMJMY0U4PMJPJ3INSPGY 98R16Q95604BP7ABHVIUAL9FQAIXKXPKHNYW75EEK1RBGV9T72N2L8SPP', 'CI1WM671GY1245L122H8P56061JPBXWYE7HEMAW9SQ08SNFETNI8IXK7DWH04ADWXO87SGWLXKF4YJMH4A2HRLRN41CDOVQL5GT1', '2 A566CFO6UNLEN0L551BM6RMKY9ED771S64EXIIY237QY8XOSTW9VQ0IVRQ0WT7CECGWLVGJ3NSP15 YDGN4SC23X44W908A5V4', 'KSLRXNCTUMS GI8B0DGDTIS8VWNNAQF8QK3P38DNAQEOL JXPFPHBNKIUW444SWDFQHKPU79LI78YJJHD463N73DFWYI7GPAS3SJ');

insert into EVENEMENT (ID_EVENEMENT, ID_CATEGORIE, LIBELLE_EVENEMENT, DESCRIPTIF, PARUTION, AFFICHE, VIDEO, PERSONNAGE1, PERSONNAGE2, PERSONNAGE3) values (16, 16, 'LVDDDM11UX4OLHFVK6AXD5WIQ4TSCJ7AY8W9YF80 QDEXM52DMBVY7977INVNVF1W0TX698T7PW7NWJ6G0DD1H0HL7HAL4WKOJC2', '270A3D4N3XCOGM319 G FYEH076MY82X034RR82CYW239MBAQKGNSPKQJ7VXPLON74VTU5Q5NLP4YLLFC9EOFMC33XM2T4V8PF71XNT73J5INJ8V64B76ESH4CXU6HVGL0944OTAA3G4YU9MC4KIG5UJ4AK84UMM UJX4I0S6I3 0AKFX5Q14F4GLFJBMMTT0QRI0WFST PAH3RM40PEM5453H7D3T1QTFY1K Y18N9EMW892EMCYO075X6TINI', '1598-6-20', '776I 7UYSQOF8W7XGDL6NOSG2EYQI07LAP9L9YVGK G0L48N990 K0NNW8YUX8VMI96GI3 Y3PUWX2CCCAY3 RLM9SWTRE111G99', 'KARYW XR 74L547F85NC50DN7C9 AVMH446IOVUV37SCSA65RUV55DQ 69O35M7AN CY8XXBUM9PS7ROXBSPJLB V TPRJ9XXVOA', 'Y5J54 5 BI4PY0F0ICG271EQKHDVRMXLTWW7WPEQ2C9J867ATO6D3RIAJRX90Y23BWVV476KC6Y521QTO3BLKIIL712WHJE8GC88', '6VH6 UYEWQH7GX2ID09E5JV9YYIEOTPMRDRQFB8LQ KTR FFM40N1XMK4FA0VNG99NEBEXGPPN18 F5XGMGMMPP4FYLJQ7NU84CC', 'GMOFT15 PTN1772YTJMD8GR7H04A18BYL4GI0DIFLS27D9T AD6PUYGSI88FFQMAV9WJCCS9XXSD6R485VIAVT8 A7WA52M8LF88');

insert into EVENEMENT (ID_EVENEMENT, ID_CATEGORIE, LIBELLE_EVENEMENT, DESCRIPTIF, PARUTION, AFFICHE, VIDEO, PERSONNAGE1, PERSONNAGE2, PERSONNAGE3) values (0, 13, '80S8COF03PLHDU1Y99M8HP0DIQTO6MF28B28PVHJICNC75NSBPTI XN2PWKCPESWFUD 5XE1928AM9CQWWMHOAK1KVVO7H 913FQ', 'PNKET A7WIG1S5O70 WYSLQVTD9B9EXEQOQPE2SJFRDJ5CWM650FTLGGVEUTESQHI8DRE2U6B54L90D9SU60OIFBWVX569MHBKTOMU62YUIA4HBNHCP1PFMV3IP LWIR50EV1Q0 C24 TNF3K0T2H E7A17EVDRKMXA3ROVE50HDPVPO 7NXOBJ8Y7HNDS5V2PIC31ROO01C54NBCC9R558OARDCMWSGDR5UFT2VXB55SU3NXVJ XO112LOCAWA', '804-7-26', 'B5QB3 QKVY6C6C6K YRBMWLGPOHOLCN 7OTKRDT86UO2RN43MLHT QMAH5AIHF74T1ATWSKQLS30LV621HGCW CHWQUQHHNVSLFE', 'B93MA9RGGU533Y4SQ5H0VJM3DBQ7N3CTEXS1NA91MJH 6MKHKHK3QAY3MSMR4KED9ABFQ0T5FLNP24R80LA88PLDDQ63LUE69L1U', 'SPYCVWQ4VOX4XFG7MHY1MHQ94YGJTUG1XCI2 UVS050TV019ART7CJMETN4RHDUOL8VTJPK1YDGQCI7GOF7TI684K0GS2BH8WBDW', '4JFL9KSYTJJ6GUN9BWDOTU0KQIGYD4UB7DOVXE OE1P4C30N1XINC7BVRYXRCVEWV0KQ9Q49G2M7QL63ANU322OEBDU4SKVYWK73', 'YTT9G2IHV61 WL8M09HQDGS9LLGKMEDX HOFLET8STTLPIOWXH 1X AB0KI99A2OO QV5M0W8W0L4  YDLQ4J3M1R7IFFPW48VOV');

insert into EVENEMENT (ID_EVENEMENT, ID_CATEGORIE, LIBELLE_EVENEMENT, DESCRIPTIF, PARUTION, AFFICHE, VIDEO, PERSONNAGE1, PERSONNAGE2, PERSONNAGE3) values (5, 7, '4XAHQ 70QY2ASSBKTHSKFPQY1TBHCJ4XIA0HB5PE8GGLSBH80O3KRDFM8SVJOIO6SX7CFI5FDA2HO806KG0O TH977I2B9M8Y1CY', 'U6J05DGKUJA1AD0C4O8EB6N IRH4R7KMDPJ 5O0HAT9VIT61Y6XLP7DG7JCB0C746W9QX81FMPOQX5E95NHQEIM9W43RTVLM5B9VV4KD1SYJTL8IH HGYPRN7 OV623AX63YOI8RJDI8VLUOIRH67KP7J710BDMQ0CDDBS7FWDVKYLT3M65B73SY1J7DTGKYMEQH I4KPBJ79CEFW335DC0DND74H1WDRIUJ9B6V9H2R9O9SA10WDMT84R3BG12', '1392-9-26', 'TJ8JVPW S2CIFEMAGMWVPBSLXUG4TIVSCEVSUCXUWOH4Y287858WQO2MP5TDLYHMUH9ACI6M2M98U STDD0PUHVE5GSSUXEN8C0J', 'MK9BIICBQVLQ6H0TGUL2HTJ4KVT17K62DYUAY91M2A7WOIQXGNAGB7LHHFDXHAMF34YXD3214MYQOHB8E280TE0EV96Y296YYWE8', 'XNMI650SR0W7UDMPRPUTBBXLPG5DXIKS05QF67Q402WJ FSX9UJL5R7G41JIVLE295DOH8Y JJP57DRMPR461F8NGN0MW90IN0RU', 'V2YO73XNDF4Y1BYP4EF7FYUKI89GHGIICSI4G33A0L1TVL1WM2AKLD777T0KGJ46B93WIDEMF0FGSH9OPT6TXM5XQ7QL62KXHOAG', 'JQ5FMJIOCS2B2I0CDJRQAKHCKN4LYIEVP86HBSGQ24N3T6F75HHDYMNGLGU34B6H3 PARL7QHJ64GDUF3IDI8CMC1YX83JGFP77S');

insert into EVENEMENT (ID_EVENEMENT, ID_CATEGORIE, LIBELLE_EVENEMENT, DESCRIPTIF, PARUTION, AFFICHE, VIDEO, PERSONNAGE1, PERSONNAGE2, PERSONNAGE3) values (1, 3, 'KW7AWI4ECA086SV5LTRM09WCNYP JDNX83WA2HNHN2VD62SU32CK6JHC2M0HLY3HWRGXP2HHI2DQC1NE17O7T4FO09U OBHI7GET', 'S8IFOX25CPQ2QPKOQH7MN5A7UYG0V2K3FNY7Y1RAFXN3JM8E5WEODWYPTGT2O1UIWDYXB ID0NEVHBXQEU3Y15CE9OVEIB9EAHDEOFORB9U0SE4I7CI9FPBVKGA704DD0 MFRAPA23I9KQI4Q7DFBMY8OHFRRYVJWJWW9S6CA3KCVHTGI06CA8F6T5A99NNK8NYORDXVG5U0L2 YH51WV73UPMJ0W8PONK9PRVUCIRT3N75J2SQ2KEH0EXGCY47', '365-4-19', '8T2J 43UCP3YJKR2XCPP8976DE1UX ILFS7WSW5LSK8OXEQGWQBHDGM2Y76AVPW9VVIA71GUFWK3AX YQ1SSLCEKG2S8MB5 IE6A', 'YTFMW2KGUME4ETCBDC8R81IDBECE205EFI03FQ DEJDMNOR4 DH55A0LA1E1O5KR0QDWTLG038GED6YC68SS7GJ8FVFY0U5TGF 0', 'PQBTCQMDRUS7BY7X4BAOJCTE73T0NGV5E6N7XFP8UDH3XE8XICV9KIV63LKNCOJG7X5UBQUDRFQ RFDUCBU5E0YYR8AN86BAR89O', '9HV7Q4IE0U7GQ0BTBQBSD4GXNYD0A11SQNAU21QSW2X5GRP5N9MQ NG288JTOUYFCLG VRW813G21DYLPLUAW38A4R6AM5Y6VEEP', 'FTIVD3WVSTDSYLQFMG6QVC1B890N2NVKU7BG 5XHQ2GB02N2LPHKO7LAWMY77CQUHFVY6I0O7PR43S2YQQWUIKTRKKLARSJKX1Q0');

insert into EVENEMENT (ID_EVENEMENT, ID_CATEGORIE, LIBELLE_EVENEMENT, DESCRIPTIF, PARUTION, AFFICHE, VIDEO, PERSONNAGE1, PERSONNAGE2, PERSONNAGE3) values (14, 0, '5E9WUQFN3Y500REQHCSLXQWVYCELOOKQA6BRNECK9CQKL6HHD3A0BU0N2B5XYS2OJDVTXAN299NKFQ715JJJP9E05YWDP2APTGTI', 'L8CVWOA0OPDMFQXIR VORP28WGT0KOXHJGULAS QGQ31VIHILE4Y JN69PTU44K1C6NTUALCPQWJBKFPNY1AT7XAGH99DB8HBQ5LMC F06G8OCMTYLV49TXPBJ84S7FOBQKOPYCPG0AWX87Q5PQHFCYQ8XO3TMXIPCSF6140QKNX2IKGE4G2GNMS286D 9R4F2LW7G3FYJME3DD7D1O9HJTIAD9WTS8SWRHRYX93V3012XMBA1S3OPPNVO38VR ', '1516-6-23', 'I0PHNXPLULCCDKFWDLQHPO434 YTCONSHRI7UPLNEBF UKV8SCI8LKSF ATHEUQQFK58E9FWADL0741AE3G 38MYA72FR FA65QK', '5LJ056LRTUN3X2XJ2WB0U1BRBJU83 07MI07G5KR93TKTFHWDXQT13PRWMSSQ4DRD30KAFW  9S5YBT4TNJP5X  3DDHQ1VRMXU8', '35P4RDONOUK2SY9CC1LDLA8FG KUTARPDNNG6IP21SLL1VH AA3QW  HMEFX15L6RLX0E0KEQUY3DM7BMSL 2HDJW9S38U4FGPJ3', '3O1UG73ACM1EYFWT3S0AL22FG5NBJJYSP5IVM31O849YF0JGK08UF1PUK  D6VQMPCWNMW6NLG6UPV9XBWP X0HUCM4Y2P596E4T', '8FSY34BIKWMBL04U VP1NYKATVV9SJQG3HODGMDYB S1S03V9W0 OLRR1X43OBY65QRO7HG1Q3SOY12H0WB655EDLMC08MSABL2A');

insert into EVENEMENT (ID_EVENEMENT, ID_CATEGORIE, LIBELLE_EVENEMENT, DESCRIPTIF, PARUTION, AFFICHE, VIDEO, PERSONNAGE1, PERSONNAGE2, PERSONNAGE3) values (19, 18, 'QK7Y23V97Q020EUDMKJTYDJFLQV3M8XW38244N9GLARDOMBEN951Q3QCDWR9W0PO49MNH6DOCHJYFQV6FSAW810VRJ7R8DE7 JLT', 'W4SSDM4WDOSH924KAW7 7AQP4BWQKSMX3LVKRFKNQ7JF48WPSFW8 J6L N7XR5P61D3OLMRCTOP 9N2VNR0ACQEBGF4BENC7P01R5J14H 163KC5S6QP05Q7YRN6M MR2LN9EHOGNFRQM6DXDJPS85FT094PAUPUDS8D1TV0GYE5IONUOA1M03L0C4CSW IRYRL3AXPS6YYR2DNU4C43XE9WQYI4M8Y3D6U647628ESNBKP5C5VV9HEWA2678ET', '1245-12-12', 'QKO4CG23J82TCQ3G41PKN5POI13P5N6QDD5BYNSMXWFO8MO3O9HA6XMYRXAG7J40THUJ1HINIWVW9H9YT3MBMPFLNFW5ST0BKI34', 'JNWSEK3E 31 46SVTYE08YBE A UML8FLUN2T5M 0I312IQP6VX6PGMTXV2BMH3ODH2IN0HSRSNEEH O WBDYWL6H667X MIEFSC', 'SX9U6 YW1MCSA XRGSLGYQEH57V 457LRA0WCMP C841PRRCKU 71EPVM2QI0II5R F4PI20NP1RXEJMTJA0V8YRH4TVVRR BTB8', '049BD3MRV1CNGJESYNGB91LW2QCH6BC1XOSGHEQMIWUN1XPKU3IWS054L1BMT117 V0G OWGT8MM6W6SJWCSFBTRI4RQ7EYCDG0F', 'GUFKSMNFRDLDEI WM8WY74IH5OV32WA88PDFYD73W5FD7S3 OC2K3V9O4L6YFXYAN2OQ8K 84EOGO5J0XVVA2U3HYDWHWABSUS0O');

insert into EVENEMENT (ID_EVENEMENT, ID_CATEGORIE, LIBELLE_EVENEMENT, DESCRIPTIF, PARUTION, AFFICHE, VIDEO, PERSONNAGE1, PERSONNAGE2, PERSONNAGE3) values (3, 4, 'NBK388P01K7XKFANSILJILOCOE5KSSXYQ2 I1GWTWDRHSFOR7BJIIU WTKSERQTOAVKELW1TSTSDRVDXVJMKI27GSRX24WSMGL0W', 'O9AK6555E7SQOUK182PJDYTVP35CA7AUOHVRFL8HMV3XI0RTX7JSULXEBIIGFPTMI06R2EXUV3W2KPJ59UPO9EAO 0Y9FGVNV 1EX4TUIY923KBXK5SRG9I978T1WXFDQOTURYG28OSF1UK3HKXWYR6NUY0D86G4DLEOYUGV0LOX8HSEXKQE33V6 5X9K0X3CB6XRAGN29JS61HJ2VFX15A60WH7WSXHGM5 8H4LXCLO8Q74DCPOOE3TLG50XLG', '1806-1-7', '2UPVG EO4GPRJN3Y55JOE74IWT2770KFY1PM UCB12MYXV6RI85T7XDH18CVCE22ATLWA ACTADI5QDD F7DB1E579L7M3TS2B8F', 'C53TGH7WYYDIDJ58F4Q36Y64VACPLY8HDE67UM1 KM1 7SQ0K V9 GRDUL06IQOJ7HNB6K5T52F4P16MX66MI9BV7 QY8U2RF4TM', 'AUO896VWGJI7PMH5RO8AMYL00942VHS7MA NLQOIBANCSQS4IJB6 4P37TFX1M90TS7U3BSU44QXLHRJG0UWG16EULDSCREXGTC2', 'U3UFF9B 29Q2H EYPKX3BX7IJ53LSJL34RHWLKAPUQH3MOWW7C4I Q A1XSCGPFTWO4C28SHRXXVHQUVI28M A43VBL26WVOBQ8H', '7OVRFI4OFIEQKCBJ06J4V6C0GQ1BK5YGW4BIVT6LVI5EH79F V40HE3EPLKGAPBNHBCDLJXDUSWPMXSCH DBHHFLU408EBQ F6BF');

insert into EVENEMENT (ID_EVENEMENT, ID_CATEGORIE, LIBELLE_EVENEMENT, DESCRIPTIF, PARUTION, AFFICHE, VIDEO, PERSONNAGE1, PERSONNAGE2, PERSONNAGE3) values (10, 0, 'Q9DN6 CR8TJUORG5GVP898 J4SOPXHSTD3C4XD6G07KJ2XFE7T2JDO6I1TIXW76KEWR3JUXYUV81 FP3PB8XW6IA78OG3T88S4OQ', 'AUFQP5A6WEPLNJHJLLYS3P1 8O9 W64OHUTY936BLKAS3 T4FSVH5LXREHWFKXRPY71EBFDCNSA X9YKW8F35LJ68I1M29IOFTG2WAN0XQ0HDSQJ8I2GUQ10KJM4U04SKYNMFMH67CW74VOSJJFWDU655NO2RUVA03B5S30O5RLH8IX1VGADAIHFK8D446SF62BC780FDJUA7ID26OLAK40SEU3GM6JHIXNECBYBCGL1XGFNAYFLJUK42GCTBVE', '1680-2-6', 'OV2EPG76B0HLDJIB 07Q GFQNB9GU18GGWV9KC1BLEMF0SJCK31LGR5N6955RX2YVB3YR4NW7L5YSVNQELIB9LXSW0G1FDXMCCHJ', 'B5E4LS82P3EM1B07RD3AEDSBBS71IU6QKMDEU9F3K328HX28F92VVOVLVFPW45LGTJGOUS9P5OMCVGB2KO0I4OTBK4UKVE5RHYUR', '8TV70XCHQA87IQ7J019FT7FJFB5AO649G1S7L1U8ULA31PJUPBIQIOTQWMSN626 AMRH35B2JNC9 DT8K1R4WDKIFWTN56SHC78W', '2NRO1ARE2B0Q93H5DPJLDQDF8F4DIRO2FMY80A YYY003QB QIU3SKB8F458MGI3HGWUW7WX9N7WR3G66OGJG3TE53PAWH4P4QXR', 'I9 DH U9CU BR4KHRW5HC7W3QTYKN2FGKEB3I8YEY97IHEQNA1B566N64X0NNRKVQB387012RF2A 9QK179VUPDBFC4NHGHS08RK');

insert into EVENEMENT (ID_EVENEMENT, ID_CATEGORIE, LIBELLE_EVENEMENT, DESCRIPTIF, PARUTION, AFFICHE, VIDEO, PERSONNAGE1, PERSONNAGE2, PERSONNAGE3) values (6, 3, 'BSNX67KBL7F1LPCDX9T9T73WKRRI 85QSKWN4130N79LS8YHWFYX24OKW488JCF1Q2A3LJ84K6KOMBNHVG QJ3RSYFBO4BUNLEOU', 'R91I1ACXAHIYQNQANX92T0LLFX9SFPYDMO17JI6OC224V4HPXTVXY434P8O82P12GTV9NVFMICRJJFN5CGEIKHVXY5JO3MEQNRPAQNHUTDGQA2XQVBMMR26F9RT9A65COD23LKI1C9DG9 U7FTP2494MP1W93H7H HNNOPHM6UXJ1IM0171XTWI9EVB4C27E3VL1VK5LG1V0UBD7QOBDJ50PI1 GKUL0I65KL10ODJ93DMXJICHQHN Y8831N7M', '1316-7-10', '6CJNE2RI3SXFTKHJKOONKIHI02SP90 B700UGACHU0918416173D PU388F40CWQVI6IML4HIFAV45M6XTOSYCDFAEDI28SCLNW8', 'OLCGXTBHT7Y9XWHSO0V8KJRXDW7PIBF ATF5SY6V GJHOJUY3CH4LRFHDUGKCG0HTJNO8VYB4BVJJO6VY4D0WDGEICUS0M1YBOF5', '6CPIJN00UMQRMA3IG5HSQC26BJ3M49YG46POJQ9QLMU5 YW 6741K K6YK00A6 BOKSHAVB0R2FQTXVRL7UFNTQUW57RHCKS6U6C', '4B3TKRO8XBXXAILMQHL4AYA7LB65QI5 0PEC21EIDC MAT9L1TML9N8CXFMW8AE4 GXCGP1XV29RVQ8EQ47B1LMN86MJ4WDFHG4U', 'B8LX7FI2 L5L0MK0FV0WILV3OPPYED4377Y8N9QKTPEV9F65H8B3C65RBIGP S7 NM8XJU8JD9N3VM805OQNVG0G19V5UFBG3MBM');

insert into EVENEMENT (ID_EVENEMENT, ID_CATEGORIE, LIBELLE_EVENEMENT, DESCRIPTIF, PARUTION, AFFICHE, VIDEO, PERSONNAGE1, PERSONNAGE2, PERSONNAGE3) values (18, 12, '0IQLR7BN8UVAHN457FOJWHULX1 273S5XPPL3S7JPODVXRH85B60FIGC2BRT221WUQEC1UT28J5FWWVQDU6LQ3JXQUBP5PNNB6HA', 'UVWYMVIC740D2UWVDH6UJEENPR21R4UA4PIWS6M97X0SH15NRS3VGJV AC1KO1YEROD5TKJNB20DY9OEFJXE9RUQOAKP2Y2I8FR5LMT3VTCAABA4PXDIYCKFKV PAY5YROUO5FD1TIBYGL5KM52LN7PE7FH5VNLX64POQMJPTI33KYT7UGIBMPAPKD8WJ86BYJBIOC3356ROXU9FP36LCTT9A3935D1SAPKQIC7XR B Y7W96EFMEY3QM0I3OAT', '524-5-16', 'A7MA29GUWJYSXGNDC67CYJ04WHGXELTDSBLS38 I40Y9DJ270SSVI1EV1T1CVYDTJ 41LFW58AW32VR4VOS4SPGB0TXO2RS8Y5JA', 'AUADXV1HTPF4USM29ADJLDKW0GUQY4ETGFJ562EEAJ8WFMILYSEEDW5NG1HVULJ0UQTINSMN9F31DVM2UOK2OOEYWST28T1C151X', 'K0OKG1JL8 Y8S4USRN7FEI5TEWDCGQXH7X597Y1DGRDYEG KSAVGED2MP 8MUDUM0ES77PLGPVNOI01WKE0J8S1E5OBE9DJAW0YJ', 'XB278BL08T0NB9VV2KBRUSQSCMHVXMO18WSWCR4841YK82HYES  3FQMF5  VOK7NU73218DVS64085HLU19F5M2HIU0UA1T1Y5K', 'D2RX CUMY47F0JKY2PW9 SQ 4611EQUIMLDWMIQIMSVHAKV4 4HDU8PJXVA90VBKV3ENOMUG2C7AOVHUMSR4TA7WH58XXEWAN4FO');

insert into EVENEMENT (ID_EVENEMENT, ID_CATEGORIE, LIBELLE_EVENEMENT, DESCRIPTIF, PARUTION, AFFICHE, VIDEO, PERSONNAGE1, PERSONNAGE2, PERSONNAGE3) values (2, 9, 'KPEK12IBMNW0 0 QJBC1582NWQNN0HS07221BU20VX 42Q246JR JYSPEATRH0J7Y1N5CAN6X3BRSTAKEMMS8FH36YQHF06TF8T8', 'V FA6VUFT9BNL8JILVPGYI5FJILTOAQHTHK40NJP1VPKBHV925CGCMWHWJC RD GMY0QNSSHPJMS9NPT4WQHUR9BTXRMMBVJ64NLSGDHRTNXUR560SBHT7UH3KHBRTPX1FG6EXOXUXCJQ1TPN0IEV9RTA10L2NF9M0DRSOKFFQC WUUAVKUXWJONQJ0RLRDL3LEMHBGYPT8NKPW58YTT4NPNKY55Q8IBDKMVALAXRDPR9B7W2GYM IN PR3 5DC', '158-8-7', '6AYMVVCXCOCIVA8D4PUOD2T5LE2UHQHWXQQILA4J3K6I0YC5FM0USXO4LRYKNHUEK2K10WAXPLGT9WO 3H8CUSP3Q010X3TG70L0', '5RLOM 92FNU4B1QEBHDSHNHOBCHI5KYHLQK3SCQ59 CJ7GGV7YEFVUWNBNLCW611U90PM B4PTK80W4J8L45829OL5HVFPI STOE', '2KLS8SL6T3FLYL2EU8SXIV2L6MDKPB9M 983CW9JHBG2VCT1PL QLE6CHIJ8GSN OTHMBI0X9R5GB1BHR5YX82OVQTXP0RBAFQ5D', 'ANPLAUKU8D8KORP89XTB18VWD0MKOG8R00G7PETYE0GCAX 30MWT88N51D56IYTR4GSM12DC6KR8L7NU72S1QRH0IPPNVH4BP77I', '60GTHGJ8F00K4QY NWEO0NAYM2OXK4CILFOK3NFS9XVAKTLOMKA9PV7E40DC9GCX0YCF6FRMI 9Q3VIYI1LMX8YI0SL2EDVRY53N');

insert into EVENEMENT (ID_EVENEMENT, ID_CATEGORIE, LIBELLE_EVENEMENT, DESCRIPTIF, PARUTION, AFFICHE, VIDEO, PERSONNAGE1, PERSONNAGE2, PERSONNAGE3) values (7, 14, 'FTFLNXUBCYP1LTE3H0E8COQ0KNFWPI 9VPT9DKBRWTPOKQF6OW5NKT08K1ALF9DU23KA0LASQWYRRGU058K1X6FL753BS8XAD2MX', '97 2KCGJ6C6GHTIGKHXWV92O5U6JASKTQ3LUN0Y9X2T9UA9 NDY8YYJM2F0A4VDHCDR20 CXSAFTT1RI GPL7D6Q2QR2EWKF52IXD71NT4TYAQAFT62OT4HWWSLPXO 8M1JMGXK0FJGH0BAKTRI7X32GPEA1G9O0MX5BSMM6H7I9OYFC399VKFQB16AXL1VFG6ECW42R9MQ7U5GN3H3HOJFWUIRBVKWNSYWX5HY1D3K71PAYP0IT3786HJG4RU9', '931-10-15', 'T084563VN92P2PIE8VGS8TMDW5U LNR0NSNFU5UQA3N6V3NTNBP0U7VK56QXYJO69DH9UR838DRJFV74T7KSSMN59KGG2KWDDQX6', 'MRMHK 6BNPW7BVGIAEJ1E4J9H7IEFUOAR  BM882NOQAF4M6BDHR4SCVC3S4PLALKCMHR9 U YBWKM1Y2UOE48U6SB HNB6R1YED', 'ITIMFWDH81W0KMVBAHTLXPB3GHPB  QYCXN6QMPLNH7054NCO862MR63S4K4OSKN6VM7I7KTLJ412504ASM0X R52R RCXREHKYI', 'OTGK6FEQ8S90CWNPOJIBEBP2RH1URGLLL33S2SVJFC4U0P0MUPNMEETONSCEC60T8P4VKT IWXE8R1JVERL291XWHOIOLDV9MV2B', '05PI0X48XNSTPMUEW2VNDDPBN2O4J E8X2OG3X6U7QSE1YEW1JHCV5TVQMQ6EQETACCKOK068O6YX1B3NVNCLVVAF0DBP85PH4R3');

insert into EVENEMENT (ID_EVENEMENT, ID_CATEGORIE, LIBELLE_EVENEMENT, DESCRIPTIF, PARUTION, AFFICHE, VIDEO, PERSONNAGE1, PERSONNAGE2, PERSONNAGE3) values (4, 10, ' 10P2ODP3EG8B2R85YO9AUDKFLHI7N9M87MJ9G741H 3MC69HOA2LY11LWI51Q2 9Y VMIWRLYTIIVIBMFHH066J24EGB4UQ2GQ1', 'GP9YEU3FNXL48NN1897NQKCDNR7RAL N1PTK57KTWD168YCY0E8C2RABCS8TTNJV7P8CIBTLLMY388DFC90 Q8LLS74CR27WA0RKW72G0WT0BIM SD9OOG4W305Q6Y1V3BJ6STS51YRKIWBEHLI9TTY5VJE148E30RHQMXSO1VQ8Y9WH2B 25KIE9MQYRUT0 V7JXA13Y4HYRH3AP8R8QWHRYHQW7I87EL6F7KXP7NJI39Y02IOHKYVN6PUTO0S', '302-4-15', 'NNICMW40DOJIIHE8WYNAXNCV92M2SSIXBXTJNHN PIUQI0VOIFCUSL0OCTWFAE0DH XBHSK 2V COKVKFR DKLAIOWJ7Q9HK8QI1', 'WK 9A46QRJJTW5F9TH9T45ILB47BUC14YO30K7L82X3WL0TANH2K79J6Q0JY0E3IWXGYHKNFLR1JLJR3300FFQ0M2XPL7GSYOMG6', 'NC4W56TUHMGF3I8CER7ADD9LCH7SQTD0H4C7FEQ80U9N3OF19VB8UU 0M0K2FDYVY2XTK NAULGWBHWB5JPCMY1NLFA54V0CH2GD', 'EJULXX P79BI6NUIOABBUQV3MWU6A8BBBYT B9KH0PNYHNLFH1GOR2GNKHVXBT0M3XJYD6KFUK5L3KWYF35TU551MV72B13SM7X ', '6UWM9WW AEIL71JGAPJPI3616KDTXD5HJ4X5JS50KULN2 JP4ABWTQY0 DMQ1Y3C97YCHJGTTN27RLCAWLHD5LW2YK9RCQFDC9OK');

insert into EVENEMENT (ID_EVENEMENT, ID_CATEGORIE, LIBELLE_EVENEMENT, DESCRIPTIF, PARUTION, AFFICHE, VIDEO, PERSONNAGE1, PERSONNAGE2, PERSONNAGE3) values (12, 2, 'H AJ9G83IGPOWJBLE4924N9BLIQR6BA BYFJ34624R2U4UM6OAYQK9YBEJ45QKWAHDMXOEHBXB3GLJ QS49WS46OAPO3ALK9G4I4', 'H88N12A0XRR6779R GND6SOVJNB8GEVXP0JLJ3X8C57I1923OLN7EG 13ORW4KNDYRPTTXTQOF2DPK4TQSTETRP641VLSIQ4H19XE68 U5WFHER40VXXSVKDM2VT4IGIOY68GLDPVEN3E3AEF66HC 51OMEWFX1114UVVW9WYTNL1 WD4N3N5B1SL5IYN3MMBO S3TXVILOVOHN0DOPOJ6NLTJOUFG8CCCUOB588 FWQB0JLM8DPHVBMXAR90GT', '615-11-14', 'BEGQKKPETTMJ4YL 0MD37X5X00BP9H0PHS13WUIQUDMDGKYKVNOFBU4O 744PUL 6CF38EMRPQNYWFOJYIXK0 K8M9UDCY95SD V', '6 51GX04R9WVNU5HP4NXFQD8M96ICYRTCQRFS8UAJ4PKVMT HB0T 5M1YX4WX C96DVLTCQSWFEPBVLEQLDMYTPEG09KJRH FYO9', 'QPK5NYXWR0MIAEUNWDL983LKCW5U3G5947T6OI90LAT5EFUSWR3S1QHLPU9 9Y5GY1YVP7VBV72VT3Q5UL991HS1U4IF1OANJNUV', ' BA1F0N3GILYE6HT8TKL2KCAFR8WPH7OIRPHG1B8E19T9 SVLD5B333IA9YR9BVUW0OLQLLYE49PW OB2H2U1TJP37HS69OELYRU', 'EBLBIJ3URMWHV119G9F7BKDRDD9ICYHQQ8LKPJOSLQJRVEUBKB7KX5VCLI TD9LGU6US05N THQT8XHYI48G5HEPNNAH L1093XD');

insert into EVENEMENT (ID_EVENEMENT, ID_CATEGORIE, LIBELLE_EVENEMENT, DESCRIPTIF, PARUTION, AFFICHE, VIDEO, PERSONNAGE1, PERSONNAGE2, PERSONNAGE3) values (9, 3, '67OFINMA7ATAOXFYNVE9WHD 180SQ 1N7U5LI4QAE38LEY1KKITMU5GCLQUGTNC7X0 NJ0UK3E83YCVGHFI T FT7QEHBPXM3U46', 'M4BY0CP0S3IUPJ0HPFRWLMPAFPC0LCI97TDD1MCXPOMI5KY96JCH 92QR09430690RSGTAXMEP195CDM2VGQACBQOY35R7XJBFC154ELKBMWMET4UG9NRGX7JQGMDWCMNGFCOJO98SOM80TC5KANDWB3 QEFIL10UNWYRORYLM40F10PYIPKWL 4VHMUIIL30X5XK8MX9FC2G01IIT8MW3H FOALIJP4IE5O2NBA0XB7B4K1B70HQMCB463RE50', '1-1-1', 'QFI2DS61OQDQBMD26FA81YE 38Y0HY2V95RJ9 XX2NCQ5QB 7H714RH6I1G32R4OXDS20CLKQ EK5JOUMX999W8I6U9017Y DHLQ', 'PV3IDY JK1EA QTEJA8QUHXHA4PMDV5PQCPLYV9Y9IED9U7Q022RGNEFBYT2S 2Y66I78OSF3K2K4G60OGD93AJOSXV72IXOCNUR', '0DYIQK4HA78P193WTY2HGYC5 6954FNYGSFXE44 60X3S4W5F2N26JJ47DEX1MS5DM3L1GFGB52LFE9HK7OOQY2MCN0MOF JNGG6', '3I7CE3SCAM4OE9CJ6201MLX3EOPEKVBEAK5NXRS7BB9LV6OCV06V2 2GYVA5DGI09EOAY9YD29LX75OUISXN87KAU20 1TA6VKEU', 'JAKY1CBDT7BB61SBU6FQ494WCSJAERRUX9QVUPEF2BL4NAFQE98 NNQK42PXUTKWDQBOYVC2VM6SW0XJU4RNW2N6J2U35WRCKV8U');

insert into EVENEMENT (ID_EVENEMENT, ID_CATEGORIE, LIBELLE_EVENEMENT, DESCRIPTIF, PARUTION, AFFICHE, VIDEO, PERSONNAGE1, PERSONNAGE2, PERSONNAGE3) values (15, 12, 'AILER0JUF41KWG75H44AL8RSQOIWXT8BIQX6D7NJXA 0STJNMNLP1QVWQX577VTWXP2IINUJJNBYP4UNYH8AB1D0YS4V7D3FBBJ2', 'C0CC2Y W4 2I9U8BE6HT5I34KNYCXVKAUG5QBRXHCKYXFLV P6OV342G646QYFL8L2FV3SV6UES3CX4BUQW169P0FS5N7ARMKDVTH3U6DH 320W6RFHLNDVGL9DUFH6BJ5D5WJJNL02K0QLB68VE6Q3GQEGRRVN39G008QAU4ISK1UENSBPWUDJSXE79Q0NVCNX1S52 ESYUDT2167QY41183OIRBBAJCDIF7YLCUXMJQW2ETOX2WD2L2XI9VWC', '447-2-4', 'QWG91TGTRV9KTUH7JA2VS1N3DL UPA37JI5GXP6QIH49ORL 3RR9HAPH31XFN VVL JSTK 7W0K8OL3842BV S9W8PQ2E7DQ3 SY', 'AEY6PB3WPI65VRK65L6BWPA81414K19SRDV1UWILLDETX6COI4S YRQD3UJ98GL SEGJA9M00RTA8RQ KVP05L3474ARQW072MER', 'X5P86OS8B8 NB54RX68 KQ0IDY7ER9S0BKUQM1YKWM8HE3LJI4MPJS7JL5R5LE83H44J548VKJE02LNRBJ3GJD4BRY6EOQN1T10E', '27SJJNVMRGLDIFH2HJRM2CSI5HD 1J40CKK5RJ5UDVLUASCWNPV7RSTFSC76RQ OEQE9UXQVFHKUCR933STF 9JMNR48YDEVEJ3J', ' 1VKR1UD18GMKKVJKOOKBU3OUH48R54JO9UBPR3L5YD1MU57EIVQQVCAK0PPRIIMRMKV7F7TC1C2KKWS6JNUKXA2 QR2UAML2YH0');

insert into DEPARTEMENT (ID_DEP, LIBELLE_DEP) values (7, 'OS4J4AQ05WG MPTTCII F9RSRO3ICNP0WX4AYLA1GYK20C5O13AX1WFES5705QAG61HTVAVJW4V91V26 U3A3FLIYEJ65V323QVD');

insert into DEPARTEMENT (ID_DEP, LIBELLE_DEP) values (9, 'GRGRX8YXW64TQ8QTGIP86SBG7MNR9D8AWWTL24RN6JNUWNBGK6XAJI4GP 41BAU4UVJNTFH23QS46D9BBT630PSYNFK3XS7JHBY5');

insert into DEPARTEMENT (ID_DEP, LIBELLE_DEP) values (3, 'PRJ2CTF58K6O7A7POHEVHPSTSY4DJB6 DLQL7BA4SE1X8VJUNQCA73COMVOMCB3PDE2VE5TUKU2NX6FV1BBFE6MU8I8GM5EHEFU6');

insert into DEPARTEMENT (ID_DEP, LIBELLE_DEP) values (14, '9OBUCTRLCAYT119P31R5DPG5R3K83XP0MNR9 5XM3N0DTJEOW2N2V996LSUE71GYV5 W9JMRA56WLF90 51PLUV6IC87FRAUVSL6');

insert into DEPARTEMENT (ID_DEP, LIBELLE_DEP) values (2, '3N78L2XDN5NLYIEVG2RWF7KFK1NK2HY9D0AE72FG94LF2U00BDPAUBFMEP99GN8X12TQT9OGQNIP06W766SGOW6VRJ35H DJ15YX');

insert into DEPARTEMENT (ID_DEP, LIBELLE_DEP) values (6, 'P4EBEW0R20W80TALHP YJ7FN6Q39DK6TNL6PO011 8NHTGV5BUQEM7UC4FWR2F9DXXBV 0R853J1M9FNQS78W36XD23H8U8PGWXS');

insert into DEPARTEMENT (ID_DEP, LIBELLE_DEP) values (19, 'PSO4DBPMJ73TVGV9E5KAL2PHVRF4JKW D6KO1 5MO9EJC8 W1QEGV7LF62G25IVRGXGY2LL2581SCRM8W0DNYPEQAL55ONB0IOOA');

insert into DEPARTEMENT (ID_DEP, LIBELLE_DEP) values (18, 'X2JN4W0TL9M  2F607IDD P43BHA3YU2JQBQSVPX98MIEWUJSN52NVKWX9CST9UWHA AFQML6M W9E5FKJ94EQGK6MPFBWUHRWF1');

insert into DEPARTEMENT (ID_DEP, LIBELLE_DEP) values (10, '9WOIMSXVQF5M6NLJU0EDG 5Q75AQY198LT GFIEPYOY4WAPYC1NNTA0U87YO5PXWRO0EXX5H5RW1N0XP70S VXGM35TK 8MM4PFH');

insert into DEPARTEMENT (ID_DEP, LIBELLE_DEP) values (13, '2NPVJ7ONTYAPT2O1UNDLKX6QNDCQ0 9X7NC5FH7FCIQLK8FODOHWEGLOTAU6XHR7CA7C4XPXNLWNWHIXOL8CFJ 4QIPI95HWYD53');

insert into DEPARTEMENT (ID_DEP, LIBELLE_DEP) values (15, 'XROXSF8RBOJYICXEIVFU4280JQ9R14SO76WB8QXK9JJ26EL6J2DUBBJM8 8O64L1D7F61J0AAQRQHJ1GEMJA41JUWHSPFDRSTUMP');

insert into DEPARTEMENT (ID_DEP, LIBELLE_DEP) values (11, 'UE9TYVQMRYVO1 VHVEW 5SK2EBB72X3BQ59OUEAHWBHYFGNUG21UJBL48R 7KARJC4C4KPIABM20KAF0CY90QE2EMYDCTLT0V0M0');

insert into DEPARTEMENT (ID_DEP, LIBELLE_DEP) values (0, 'T2T5WAI9IN1QEKJODAILQJSWEFON1Y0U9PTB67LRCIKX5NOO74RJCICPXA5E2F8TLPH74KT84WFPLG9IXYU7PD DYL9GREQRL21E');

insert into DEPARTEMENT (ID_DEP, LIBELLE_DEP) values (16, '92H1 N9AAMNDBS7RLYC15NA4D6R50P0LOQM74J2395016FFIDIXK6PUUTIC5OH6P 15GP71M5I90AOGXWQ ISUSAEKCKF2KR9VN2');

insert into DEPARTEMENT (ID_DEP, LIBELLE_DEP) values (1, 'Y8OL3J2EK7IMJPH1P3B81UBU45L 6IK455UWQIY1VM3D7UAXNFTL6CN3O7UOXM27JBKJA17B3EY3E4YPHO0GREH41Q9E8A6NG07O');

insert into DEPARTEMENT (ID_DEP, LIBELLE_DEP) values (8, 'LO285EKIJGCDS1K9CMP7HC032D80VFLCPBR16RTHSFB0V1VN5 S3JV 7SVQQSYOPUR8V7X9EOMWWQUEN812ASBVP682OO6A9MFIR');

insert into DEPARTEMENT (ID_DEP, LIBELLE_DEP) values (17, 'DU6LN5 PV9X7YYI8BM5EVSIALEW284HFQD6HKK8LS0GH95UW9KJC184NKS5BB1R8ID4PVS3I RDPMLM0TX2PEQQGLH1B3SR6TH80');

insert into DEPARTEMENT (ID_DEP, LIBELLE_DEP) values (5, 'J6T1128BYL3X5D1U7U 5SFSMBDN XBWA2FECLBYWSUCNIF186IAQ9J U89F 2EWMIQMB8YP67I9U6KXJM1SX5ODTO9U4J469EN2I');

insert into DEPARTEMENT (ID_DEP, LIBELLE_DEP) values (4, 'M6Y1P3ISG5VJF9G3NI2J MF3LT2LU542G7EJGKGILGA8VA28 OG20YI5MP44GKUVH32W29CM1NVQWQ40CP6R6D5B0X6KFP8EGUAH');

insert into DEPARTEMENT (ID_DEP, LIBELLE_DEP) values (12, 'PX5E4UNAWKXR0161DA953IETFRYT4BLR1QNTA0VDV6LHB1OG4KHYDF7TNBHYBBUGC8EF 22J9C SKX6TCH9NAI8RWC27WK7DCFPJ');

insert into STATUT_UTILISATEUR (ID_STATUT_UTILISATEUR, LIBELLE_STATUT_UTILISATEUR) values (1, 'NIC6CI8X2U23BL7U71KDT92Y5XCXOC5KBUC1UIYMLN4R7UIDQP');

insert into STATUT_UTILISATEUR (ID_STATUT_UTILISATEUR, LIBELLE_STATUT_UTILISATEUR) values (15, 'NEHR8FX9SJE0ELGI6JVU6ACA7TA6KLECYN14HT6FFO192W2NU2');

insert into STATUT_UTILISATEUR (ID_STATUT_UTILISATEUR, LIBELLE_STATUT_UTILISATEUR) values (2, 'GKY8OV51KUUA4DFGOY3OLCLL7EEY00BWYXR5R8U3BAENMU22U3');

insert into STATUT_UTILISATEUR (ID_STATUT_UTILISATEUR, LIBELLE_STATUT_UTILISATEUR) values (4, 'SPG9N2R2OPK320I71JBW0QJ0W2J7ND7NFTM45 K11OF8W028N5');

insert into STATUT_UTILISATEUR (ID_STATUT_UTILISATEUR, LIBELLE_STATUT_UTILISATEUR) values (10, 'M4VGA41CRKYKL1AESGK5AXJQJ4CMK IUBFUIU3JJTHLRWUJ9VY');

insert into STATUT_UTILISATEUR (ID_STATUT_UTILISATEUR, LIBELLE_STATUT_UTILISATEUR) values (17, '2IJ61GH1VM2KI33W2RYXMFQ1L5T7ULF RS8D1RRU1MU84VI6QY');

insert into STATUT_UTILISATEUR (ID_STATUT_UTILISATEUR, LIBELLE_STATUT_UTILISATEUR) values (11, 'OVY5DX TBIF2XLUQHAHYL4E5KGAGUO0PA6S8CLWSN71MJEKWSU');

insert into STATUT_UTILISATEUR (ID_STATUT_UTILISATEUR, LIBELLE_STATUT_UTILISATEUR) values (8, 'UT03JP3RKK5C5MEEWM21EYC XR8S4TU37IRN4MLWYCCVE4U6KN');

insert into STATUT_UTILISATEUR (ID_STATUT_UTILISATEUR, LIBELLE_STATUT_UTILISATEUR) values (13, 'O0N47OX9RPUWN93KFAS6JS2B1K2KSBM56TU0C7CDNV HJRLXE7');

insert into STATUT_UTILISATEUR (ID_STATUT_UTILISATEUR, LIBELLE_STATUT_UTILISATEUR) values (9, '8IMGYGNEH9NRG7BH694Q2R8IXR04D1R86QX3B1F1 D5NXGMOVE');

insert into STATUT_UTILISATEUR (ID_STATUT_UTILISATEUR, LIBELLE_STATUT_UTILISATEUR) values (12, '6JHHLM1W 1KMHVETO38WAQY A8GUDR8UH2KYMTPXJDVU8BNOI ');

insert into STATUT_UTILISATEUR (ID_STATUT_UTILISATEUR, LIBELLE_STATUT_UTILISATEUR) values (19, 'H52FV2B 0SOOJ 8VQ2 CDS44IDHCS28D9DAQ3KTG31E340WRY2');

insert into STATUT_UTILISATEUR (ID_STATUT_UTILISATEUR, LIBELLE_STATUT_UTILISATEUR) values (0, '36IBEG74JEMQ06AJAW6ALFOU6AC4CMUO6VLADPAJDN18ABX16V');

insert into STATUT_UTILISATEUR (ID_STATUT_UTILISATEUR, LIBELLE_STATUT_UTILISATEUR) values (14, 'MVRRDRH8MDJJDX9O6DACIFVUY5QYYMT5Y0RJ6UIHDPWO5C4GT4');

insert into STATUT_UTILISATEUR (ID_STATUT_UTILISATEUR, LIBELLE_STATUT_UTILISATEUR) values (16, 'P A MFCUBEQJY1Q77YSI9D210GBTBT41EGFV I4OC34B CLV4E');

insert into STATUT_UTILISATEUR (ID_STATUT_UTILISATEUR, LIBELLE_STATUT_UTILISATEUR) values (6, 'AJHR55RFIM6XNHIPD25TCWCNL05O6CPED7R97OE8WHVO4RES21');

insert into STATUT_UTILISATEUR (ID_STATUT_UTILISATEUR, LIBELLE_STATUT_UTILISATEUR) values (18, '2R1L5U10I55WIL84G3Q9CQ8J9K71R0 LHE8VUMY5TP6NBVLCM5');

insert into STATUT_UTILISATEUR (ID_STATUT_UTILISATEUR, LIBELLE_STATUT_UTILISATEUR) values (3, 'CDCYP92SLGHS31UF3NU0DMPR1O87RB7 MGG04LS610UOYYIAOS');

insert into STATUT_UTILISATEUR (ID_STATUT_UTILISATEUR, LIBELLE_STATUT_UTILISATEUR) values (7, 'TAT3HJHWLRJWWR9SYARVM8CLBEMGJX72QTCLBTA82T7C5EWMH6');

insert into STATUT_UTILISATEUR (ID_STATUT_UTILISATEUR, LIBELLE_STATUT_UTILISATEUR) values (5, 'IUM2A1PUOYR3T5R6KI43AFLVMC7C91VDONMIQ332ADT3SLH2MR');

insert into REDUCTION (ID_REDUCTION, LIBELLE_REDUCTION, POURCENTAGE, SEUIL) values (0, 'LOWNYHJ68CA Q3RA1D6N7WDVMAXT64HD37OCQT6OWDXFVVVGU9', 19, 5);

insert into REDUCTION (ID_REDUCTION, LIBELLE_REDUCTION, POURCENTAGE, SEUIL) values (17, ' NU963 DVUV7NF3I1GXVMQSYGLMPDS1WPP57A7TV6TKR2NQJIK', 6, 8);

insert into REDUCTION (ID_REDUCTION, LIBELLE_REDUCTION, POURCENTAGE, SEUIL) values (12, ' M9GX4YJXTR WQ4LXKJPSYOK5DANFA5P4NJRO4 RM5NM FMJUR', 0, 14);

insert into REDUCTION (ID_REDUCTION, LIBELLE_REDUCTION, POURCENTAGE, SEUIL) values (9, 'W0WXQ7A8V S1MBB8XKNCO798K53R167WCGF76EG9H1U417CAVN', 5, 17);

insert into REDUCTION (ID_REDUCTION, LIBELLE_REDUCTION, POURCENTAGE, SEUIL) values (3, 'SAP36960CNSJ8PV9WFH4UYO6T22KSDXO8O76I43F38T1ULJL5C', 4, 16);

insert into REDUCTION (ID_REDUCTION, LIBELLE_REDUCTION, POURCENTAGE, SEUIL) values (1, 'KSJJ7M7JW3YRN9HBXK6B2M0SLITMEI9WX89UPJUFBS ALW983S', 18, 0);

insert into REDUCTION (ID_REDUCTION, LIBELLE_REDUCTION, POURCENTAGE, SEUIL) values (6, 'U1QP2O59LIJWO6JNOEYYSOJ5SKF NLHQ 5WOGIYUIM3P0E O2C', 12, 6);

insert into REDUCTION (ID_REDUCTION, LIBELLE_REDUCTION, POURCENTAGE, SEUIL) values (2, 'OVFGE 1QQUWOFSV2CGP04EN 9M9XACNIO5E27K7O7PM0PMJ0UU', 13, 3);

insert into REDUCTION (ID_REDUCTION, LIBELLE_REDUCTION, POURCENTAGE, SEUIL) values (8, 'K18DUB6DND33ACTJN UKIWKOP6QGSQ8L6OEMPX4IOEITQ0WQDT', 3, 9);

insert into REDUCTION (ID_REDUCTION, LIBELLE_REDUCTION, POURCENTAGE, SEUIL) values (10, 'O20LKSB ES8QFBT3BFPUBI4W8PGAUB2CMJHKY UC5L83AK6O4H', 17, 11);

insert into REDUCTION (ID_REDUCTION, LIBELLE_REDUCTION, POURCENTAGE, SEUIL) values (11, '0P1S4UEGQMKSHI6VKBJ32DW8YLSR4VKVMSMN GT4L30IPEADKY', 1, 1);

insert into REDUCTION (ID_REDUCTION, LIBELLE_REDUCTION, POURCENTAGE, SEUIL) values (19, '5WXB7HCOVBVFX294E9D1O6VI6U18HPOAN1RL1I4FJFX3X0IASQ', 9, 15);

insert into REDUCTION (ID_REDUCTION, LIBELLE_REDUCTION, POURCENTAGE, SEUIL) values (4, '73TI771 5FT0USY22RYWSKTA VW0OK64N8IEYBO0VIUSQJ HQJ', 8, 19);

insert into REDUCTION (ID_REDUCTION, LIBELLE_REDUCTION, POURCENTAGE, SEUIL) values (5, 'NURLDDDKSFSQG1O2LOV3SMY6DI0MTDG2FR 19FE888A1DNGUAF', 2, 4);

insert into REDUCTION (ID_REDUCTION, LIBELLE_REDUCTION, POURCENTAGE, SEUIL) values (14, '2D03AALOED25CRU8G1N6J11OW1WYDF04F0JLWK7 IMM40UJFYD', 14, 18);

insert into REDUCTION (ID_REDUCTION, LIBELLE_REDUCTION, POURCENTAGE, SEUIL) values (16, 'MQQCED0T9OLIO47KWNFF6QNRRXUMSV6E837M2BU0NEK2U6D8RP', 15, 12);

insert into REDUCTION (ID_REDUCTION, LIBELLE_REDUCTION, POURCENTAGE, SEUIL) values (15, 'PH1NVSN4DNBHG5M5JKAXD AM15JERXO5YGTV2CK5GIHO1CYPIY', 7, 2);

insert into REDUCTION (ID_REDUCTION, LIBELLE_REDUCTION, POURCENTAGE, SEUIL) values (7, 'X2BOIR0 AEX6C7M72XUSTFA325TCCI8SAX9SK5QX8384H3FTXQ', 16, 7);

insert into REDUCTION (ID_REDUCTION, LIBELLE_REDUCTION, POURCENTAGE, SEUIL) values (18, 'O3Q69AF4L6262688HLU1TLYWTNRVEI0ORUNM38H4VHB8OF6Y22', 10, 13);

insert into REDUCTION (ID_REDUCTION, LIBELLE_REDUCTION, POURCENTAGE, SEUIL) values (13, 'OH3MNKK9 ITLHI1DYTS8O6 LD40X1LXTILPV A72WWAM1CCL3R', 11, 10);

insert into QUALIFIER (ID_EVENEMENT, ID_THEME) values (13, 19);

insert into QUALIFIER (ID_EVENEMENT, ID_THEME) values (17, 4);

insert into QUALIFIER (ID_EVENEMENT, ID_THEME) values (11, 18);

insert into QUALIFIER (ID_EVENEMENT, ID_THEME) values (8, 2);

insert into QUALIFIER (ID_EVENEMENT, ID_THEME) values (16, 3);

insert into QUALIFIER (ID_EVENEMENT, ID_THEME) values (0, 6);

insert into QUALIFIER (ID_EVENEMENT, ID_THEME) values (5, 9);

insert into QUALIFIER (ID_EVENEMENT, ID_THEME) values (1, 14);

insert into QUALIFIER (ID_EVENEMENT, ID_THEME) values (14, 1);

insert into QUALIFIER (ID_EVENEMENT, ID_THEME) values (19, 15);

insert into QUALIFIER (ID_EVENEMENT, ID_THEME) values (3, 16);

insert into QUALIFIER (ID_EVENEMENT, ID_THEME) values (10, 10);

insert into QUALIFIER (ID_EVENEMENT, ID_THEME) values (6, 13);

insert into QUALIFIER (ID_EVENEMENT, ID_THEME) values (18, 11);

insert into QUALIFIER (ID_EVENEMENT, ID_THEME) values (2, 17);

insert into QUALIFIER (ID_EVENEMENT, ID_THEME) values (7, 0);

insert into QUALIFIER (ID_EVENEMENT, ID_THEME) values (4, 7);

insert into QUALIFIER (ID_EVENEMENT, ID_THEME) values (12, 12);

insert into QUALIFIER (ID_EVENEMENT, ID_THEME) values (9, 5);

insert into QUALIFIER (ID_EVENEMENT, ID_THEME) values (15, 8);

insert into ASSOCIER (ID_CATEGORIE, ID_THEME) values (2, 19);

insert into ASSOCIER (ID_CATEGORIE, ID_THEME) values (16, 4);

insert into ASSOCIER (ID_CATEGORIE, ID_THEME) values (4, 18);

insert into ASSOCIER (ID_CATEGORIE, ID_THEME) values (5, 2);

insert into ASSOCIER (ID_CATEGORIE, ID_THEME) values (7, 3);

insert into ASSOCIER (ID_CATEGORIE, ID_THEME) values (11, 6);

insert into ASSOCIER (ID_CATEGORIE, ID_THEME) values (1, 9);

insert into ASSOCIER (ID_CATEGORIE, ID_THEME) values (12, 14);

insert into ASSOCIER (ID_CATEGORIE, ID_THEME) values (13, 1);

insert into ASSOCIER (ID_CATEGORIE, ID_THEME) values (0, 15);

insert into ASSOCIER (ID_CATEGORIE, ID_THEME) values (9, 16);

insert into ASSOCIER (ID_CATEGORIE, ID_THEME) values (18, 10);

insert into ASSOCIER (ID_CATEGORIE, ID_THEME) values (3, 13);

insert into ASSOCIER (ID_CATEGORIE, ID_THEME) values (19, 11);

insert into ASSOCIER (ID_CATEGORIE, ID_THEME) values (8, 17);

insert into ASSOCIER (ID_CATEGORIE, ID_THEME) values (6, 0);

insert into ASSOCIER (ID_CATEGORIE, ID_THEME) values (15, 7);

insert into ASSOCIER (ID_CATEGORIE, ID_THEME) values (14, 12);

insert into ASSOCIER (ID_CATEGORIE, ID_THEME) values (10, 5);

insert into ASSOCIER (ID_CATEGORIE, ID_THEME) values (17, 8);

insert into OCCURENCE (ID_OCCURENCE, ID_DEP, ID_EVENEMENT, DATE_, LIEU_, NOMBRE_PLACES, DATE_FIN) values (19, 2, 13, '710-10-20 3:17:49', 'FIULOUG1GY3KY6DKR77DFAUDBY7A69V0AK9DP F0B4ITDUYT4G A4QS47EPJ5VWZK7XSOAKIPRFS7SF7NM0FAK9U5A1 2NB3YB60GMKO885RPB183NTIYWBMDB721LB8BUNCC8VFKP89Q8T08A5FP5V5 7EBO5SUFIB97TR8HCLWNMMEYC47P8IQAI4G27H150CEFE7A', 9, '1431-2-5');

insert into OCCURENCE (ID_OCCURENCE, ID_DEP, ID_EVENEMENT, DATE_, LIEU_, NOMBRE_PLACES, DATE_FIN) values (5, 16, 9, '1713-10-13 7:56:10', 'N5CFD2 T4D22KEODHQ8BWYUMEX9IXI2DV2 SBHCDM LBHCKQV9QXD4523RTI5 W1YY64FBTVFLMJ8555SD1G7PHF5X2I463DQJXN89DQFJDC B6KKAS9O8MGKODRBQT71HJSRIP0P4AKLQ7LL4UTJK7MDABNTSYYTDK3INCH8G66BQKJ9UHQ5YNYLTTQ6V9RYNUAMOKJ', 7, '315-1-24');

insert into OCCURENCE (ID_OCCURENCE, ID_DEP, ID_EVENEMENT, DATE_, LIEU_, NOMBRE_PLACES, DATE_FIN) values (3, 6, 2, '530-6-15 2:37:2', '3M0C11DB1G4VD535BB1QJU7CFPI9P0F7DM6C3QHJEPL4J8JNMQGIH3267TY1WES87C7LFDKFTEVNMONGPVS39AXAC5VSW29XQJ1QHV3WV4CO0F0ANH3NIMLGVU8WWN9D4XTI7L9I3GLOQRWGQ8MKILQ1VV9UN4 8M3 U394I3TI6AGE 5N1906O3H4JAF ETHK9S71FQ', 1, '196-1-1');

insert into OCCURENCE (ID_OCCURENCE, ID_DEP, ID_EVENEMENT, DATE_, LIEU_, NOMBRE_PLACES, DATE_FIN) values (9, 19, 12, '1-1-1 0:0:0', 'UJ9S45M14H79RPH7UR7AWDP1RT0Q2JMPB L7D6KN0IPWTN6MVBS2TENK09X6O E557XNIVMNMKJB X4Q6KRAEC4V21AOOGE26 4SQTBNFIB4QA693QNPNHKTF1TDUYVX91CFUY WW6S13X0F 0893F61K INGUVV9  K3PRBJ95 LH289FJ TB0R1KKYB08N2BQCBTIH', 6, '583-3-18');

insert into OCCURENCE (ID_OCCURENCE, ID_DEP, ID_EVENEMENT, DATE_, LIEU_, NOMBRE_PLACES, DATE_FIN) values (1, 4, 7, '1421-5-18 6:39:54', 'WER CYJAB Y3CNSUDCLXSLIPOGM2VHXLK3BAXRGTMI2YT94W7RCCP9541RW7NBGK5SR9HQJRPTS5WIC338Y6I09O4F2B1BBW8TCEP3DP1LBCS2KBR2TH5AUR0N080WKTKFLESGBV6F4D51Q3UFLL2YMFRFTT0V06SRA4HWG5QTY990IK3F7V982EHQV73G6GNVJJ0UQ3', 5, '1068-2-4');

insert into OCCURENCE (ID_OCCURENCE, ID_DEP, ID_EVENEMENT, DATE_, LIEU_, NOMBRE_PLACES, DATE_FIN) values (4, 6, 18, '1116-7-21 5:18:28', 'B6U5WTDM72VWARH19EUMSAGTXPPT86SWKT2CCVKP094F7N EB8OF5F03E6F8F53F4YACGV4 AVRBLBE5SWN6R9RQW0NAHFX6RPBQKYW8WJTLMNCMXY7MTODX9WLKS2AB64BCMOFYP NIVW9U W7KXWDEFFPV9K P54R31159MPXDLTBG93P2BM1M94S4CTMSHKC2RC7V', 18, '828-5-29');

insert into OCCURENCE (ID_OCCURENCE, ID_DEP, ID_EVENEMENT, DATE_, LIEU_, NOMBRE_PLACES, DATE_FIN) values (7, 4, 4, '955-1-5 4:31:3', 'K4JPHFJR2W2APWDPQCWE24KQ062JBDIAINN6T8OPQGWJC79ETECYV5YBLN7WOCSJGISMC68 NW6C1EA3KIS7V0P04IBQGSKDEUO EKKS881B3STVYT3OM8LWK99QPQ47GRDGS2S4WF19D23G4AF38Q1RT96T2KJ3P869YTRK68V59B085WACCUE0WSFYN2MQ85PVRD5B', 15, '1591-2-14');

insert into OCCURENCE (ID_OCCURENCE, ID_DEP, ID_EVENEMENT, DATE_, LIEU_, NOMBRE_PLACES, DATE_FIN) values (8, 16, 10, '312-12-1 1:35:44', 'JGN2O2C95HEG59NPU1PE6G0H79UXNNFCIONA17M6CRSKB5OMO30HUC4DUAQ5L T6OHI9D13DWDQ23233IYLOEQ62BUUG44B1MC3K5BVV1XUEAXB8FJXO333XWFWX78QS KLWF5TA2T0953IOLNW9R8OXUFVTHUM GFH6S2LY8GCFICMU70JFREFPI73G YCSO5FGA2LV', 11, '1232-6-15');

insert into OCCURENCE (ID_OCCURENCE, ID_DEP, ID_EVENEMENT, DATE_, LIEU_, NOMBRE_PLACES, DATE_FIN) values (15, 2, 1, '1193-2-21 5:36:7', 'W49VQUFPF99AW7NL6Y3FDX11ERIXLE0NDYIQR5FXIXP5MQHJ9URFSJM9D8 YWXVK3229Y9 URFTFUFR45V7AXXTKDIG2UPYLGG7WAK3GF4SQ066NA1U00R2T8DRXOERBX0G88UPEV85T575244DTS MGTI2D6WN YJP UBGYHYOKR8XW6XS J0LLYIRDMNQI2Q03NKR2', 12, '645-2-10');

insert into OCCURENCE (ID_OCCURENCE, ID_DEP, ID_EVENEMENT, DATE_, LIEU_, NOMBRE_PLACES, DATE_FIN) values (13, 13, 0, '1869-6-19 8:58:20', 'LCE2XBHGY4B 3OQ1MYK4UDWHU9TLPLUDPCPJ7YML19HHS5O7P7GU5BU3TLSQOUO47V7CQ1WV U68H3T77LQ2H1 9L6VTN527NOS15UOHG7F8LHAQ4EVC7LLIUCBFBQK9HFOAM41B3PMK2T29HQRGBBN07CN7V7IGCRAYW YWKGHGCWWTDNHD930MECO03M0QQ6E17X2D', 4, '372-9-10');

insert into OCCURENCE (ID_OCCURENCE, ID_DEP, ID_EVENEMENT, DATE_, LIEU_, NOMBRE_PLACES, DATE_FIN) values (16, 6, 16, '172-9-9 1:12:17', 'LMWDHY94W2F4247V5DHU7G LC11PBVWMX73UYPGK5WAY80MX8EFV0J4ARPI8J5N3D3MNV4J5CW 9VTFKEA5CV4UMODF5OJDYO48MTQEKMPRML HAITLRMXG5T6N165W0R00TWEO58X5OIDJ8FO RMYX0W4CPUJSQFEBGSERXF1XD96351FS2VR31P7X37NH6MTRVNEUJ', 19, '449-4-28');

insert into OCCURENCE (ID_OCCURENCE, ID_DEP, ID_EVENEMENT, DATE_, LIEU_, NOMBRE_PLACES, DATE_FIN) values (12, 1, 12, '1658-5-26 7:27:7', 'HG6N35DJ8KRNR5JQ17495V269Q8L8HXAQF9QQ9GG I0LAIN8QWXI6 J5BH09S6S5I6TWE26OAKU4 GKBMXN7C4L6RBHP3DXR7URPWD5M4XUOW57GOWTY7VR OEGXGCOD9EBRKJQBJPYRL2APQ8AFT9AY3UY0PV6X1TXU875JNYD475CWTB7JUO973KAB91A13VEXAHBN', 16, '1656-2-2');

insert into OCCURENCE (ID_OCCURENCE, ID_DEP, ID_EVENEMENT, DATE_, LIEU_, NOMBRE_PLACES, DATE_FIN) values (18, 15, 5, '1314-4-22 6:9:32', 'IKHNCPLFWGXCDWIDSH28 DNXWBR5OV0OAF3B8G5D T6Y54OUDD6ECSRI SCQTAPB586CILTF5IXSC 6O0XSJBOTDWUQ4O1QXAN31GL71FIEBPI7IWSBMDQVOAYUWTV6IY8EXTGR80Q47J4PPBEJOJ5NCRGVS7WVQEFXNWIMO 0YALMG7J8EXFHSV M7PGNIWWNW JISS', 14, '1507-1-14');

insert into OCCURENCE (ID_OCCURENCE, ID_DEP, ID_EVENEMENT, DATE_, LIEU_, NOMBRE_PLACES, DATE_FIN) values (14, 0, 4, '1764-2-27 8:32:47', 'J1XH9A PUK8S3NLHMLMOO2G S4OY3N IWFH DRLIMNLT628 FI4XHIYNG10MFHQLAR70C2FJ7MBNUIMV5A0S2Q 58HVA00DB G314OAG HK7R5GCLWVT3VBGLGJESLYNATBO5FWHG8QF6L66J2JOSJH5YVJI72C9J5ENENOK1OIJTS4TUI66XOUHTHRDBK8F2K4UG TB', 0, '1142-12-13');

insert into OCCURENCE (ID_OCCURENCE, ID_DEP, ID_EVENEMENT, DATE_, LIEU_, NOMBRE_PLACES, DATE_FIN) values (0, 8, 0, '50-5-31 0:34:58', '8MVUY79FEV6BTNHDN2BWNR14B6JEBIDXKO3TGLGS4MA889BE27J5AMYXPW GLP4CMGQ3L8ABY8F8LQ1RLE6CVK04NN4GEHL3 EJGBO63V XSPL1DV55TIGYMO6TVD55D8XOV  9WU5BH1XMRIPQ4VID0B69GQEX33AIFJLI4YVD2J2S36DEX6BKI39X06DUP7QOEHCNT', 8, '1374-3-27');

insert into OCCURENCE (ID_OCCURENCE, ID_DEP, ID_EVENEMENT, DATE_, LIEU_, NOMBRE_PLACES, DATE_FIN) values (10, 18, 12, '826-9-20 3:53:23', '85AINVA9KA036 O0LXKKWJKGAB56RG5PT DWELSQGHLL3XM2GK88QUK5315DYMD5S7CECSLOKXKLR01VBI7E N49EV6O4VB7CL5HIJUYPIKDIHGATY2GGN9 0L1 UPWKOT0NKAI P HF611UP2Q3J1S2RXSD9XQI0GGMLV8XE1KC6QWNPTC23BB0KIR 0W83K0999JKK', 10, '963-8-3');

insert into OCCURENCE (ID_OCCURENCE, ID_DEP, ID_EVENEMENT, DATE_, LIEU_, NOMBRE_PLACES, DATE_FIN) values (17, 6, 6, '1057-6-22 5:3:25', 'P9AXE2SMM6BBMH7WAWM7A8L OUILSYRCI4G4CWB57 EY1VMIVJAJT2TFN9LSW7TDS12Y IUGA0K7T9IBARWNUVMGSG45UQMDJBIQTNIASV3I1ULCJU D6JLMJL 7EFSSQ6DTVEA3K6KE86CCMXAN3F0A9MGKWLOOFPJSS9U0JCTMH93QM4TNG71CFH 18WHSPY8CN6QR', 17, '1-1-1');

insert into OCCURENCE (ID_OCCURENCE, ID_DEP, ID_EVENEMENT, DATE_, LIEU_, NOMBRE_PLACES, DATE_FIN) values (6, 4, 11, '410-10-21 2:9:23', 'PT 1EHWKNCYON0IDI0BLQF5GOUVC2G5T0SFO5OKJSJ84JD4M YICBQFQG78V9T88HJWRE R07GLNM7B1FXWIHOUC9TA1WESP73BLD3W04T50UVB5DI3L5MOM89E79SFO8HYPS 58O7D2O446G4 3U90JN54V2VK6OLCRY2H 64 Y73K 95QTMPQTRWBPM1DVP99JO7NA', 2, '62-5-20');

insert into OCCURENCE (ID_OCCURENCE, ID_DEP, ID_EVENEMENT, DATE_, LIEU_, NOMBRE_PLACES, DATE_FIN) values (2, 15, 14, '612-1-26 2:59:44', 'W0 VYC64HTTL1JGQUX5HS2T6H7U1AM7Q45O71VBRTCXJ7NM98G17V3N280GEM HP8TNH3 5RYS4TRFF2BPOYUPE869QV4BI3J4OG8ILLO5ORVMUEFQ301WC KDMWO38JI2 W7MAGSA5Y7DP70KJTH0MARPC3S59BJOWW6XS321F119H4J2LYMW3T1GE7FS2C3Q6KWDB0', 13, '122-3-23');

insert into OCCURENCE (ID_OCCURENCE, ID_DEP, ID_EVENEMENT, DATE_, LIEU_, NOMBRE_PLACES, DATE_FIN) values (11, 2, 3, '1569-5-8 6:52:28', 'D2NU29KDG216HPDVSUK55OV8O0S9PEWCL08DNQ1VA81EL3XDEWWYYWO7U7YGDSEVNCUQJHS7L9 N30YYALRWHX944U9Q9TE0GKJ95PIKXLI5JXGUYTRBUN6L4FHY80AU0XIDC NVXPN92N70UCTQNESTGCR1PH85BPDQIBGN7XKIEER IU3V4V7MRVF3LM6AE1W2N5X2', 3, '730-1-5');

insert into TARIF (ID_TARIF, ID_OCCURENCE, LIBELLE_TARIF, PRIX) values (5, 12, 'CN7GH74D9K8B79N6RMPYMAR29T2ETOH0O7DHHEGSJT37143ENC', 0);

insert into TARIF (ID_TARIF, ID_OCCURENCE, LIBELLE_TARIF, PRIX) values (4, 4, 'QA QHRH5WL5TO72E44HAUGR43ND6YDBQTWTH56RC7J0AJHVE7E', 13);

insert into TARIF (ID_TARIF, ID_OCCURENCE, LIBELLE_TARIF, PRIX) values (17, 8, 'KRYNEDWXJLX9JNTN AQNHD5SWMNGDOIW9G3NSPAVCDD815NVON', 9);

insert into TARIF (ID_TARIF, ID_OCCURENCE, LIBELLE_TARIF, PRIX) values (7, 17, 'VG1K6FS74WQY3PJS9S7K9UW8AHFNHFKXWYLFS435UH086IQY2F', 12);

insert into TARIF (ID_TARIF, ID_OCCURENCE, LIBELLE_TARIF, PRIX) values (3, 6, 'VMWQTPD9ARKOO6RIAVP0JFBY7U2FMYTYTWHY14YU0FCLIB2J60', 5);

insert into TARIF (ID_TARIF, ID_OCCURENCE, LIBELLE_TARIF, PRIX) values (6, 5, 'SSCON48CC5BKFR2OHH0J IYWGNX 3G780N3EPTULNXFCJCJHFT', 1);

insert into TARIF (ID_TARIF, ID_OCCURENCE, LIBELLE_TARIF, PRIX) values (10, 9, 'HT4MDNLS5MRQ89KCSVXVSQTJWLC5 54XNNNJEHPLWGNW02S7T3', 2);

insert into TARIF (ID_TARIF, ID_OCCURENCE, LIBELLE_TARIF, PRIX) values (19, 0, '8SPWVW9KA44BLR1AWFE323TRFIH2TWK2XKH4GRWYA66RVV99JT', 8);

insert into TARIF (ID_TARIF, ID_OCCURENCE, LIBELLE_TARIF, PRIX) values (11, 4, '5S4NX A4F6W1IODGY S843FNEHUD6SSSWB4CQSC46ULXLKR2IN', 10);

insert into TARIF (ID_TARIF, ID_OCCURENCE, LIBELLE_TARIF, PRIX) values (18, 1, 'SR05HI113MS27Y0VLVGQ61F7JRJWX4FFK9X2TT89EMJ3Y Q 7E', 17);

insert into TARIF (ID_TARIF, ID_OCCURENCE, LIBELLE_TARIF, PRIX) values (15, 9, 'Q70GSQM8GKG8X1E7RJJN19OU6QXK8HSOMAQWP7TMU9G63DPLQ4', 6);

insert into TARIF (ID_TARIF, ID_OCCURENCE, LIBELLE_TARIF, PRIX) values (14, 19, 'C3DE19 JMGIFD JWW1MNBONFSNYP1YI3M95DOGKU6EK734DPPH', 16);

insert into TARIF (ID_TARIF, ID_OCCURENCE, LIBELLE_TARIF, PRIX) values (16, 2, 'VCEP7CYGDI5D5JDC341GYTF7AF8ED60YMWKJ813E8LWE4BBJWW', 18);

insert into TARIF (ID_TARIF, ID_OCCURENCE, LIBELLE_TARIF, PRIX) values (12, 7, 'LXLDTPE2AO7KC326FKWC C70C7A0R1474XC8JQLBVDYVUP5DRN', 3);

insert into TARIF (ID_TARIF, ID_OCCURENCE, LIBELLE_TARIF, PRIX) values (2, 10, 'QU54 5OGW3Q4ATG6GWC6HNQD3YDIVWI9PWNN1L9APQU1QUMULL', 15);

insert into TARIF (ID_TARIF, ID_OCCURENCE, LIBELLE_TARIF, PRIX) values (13, 10, 'O JVU6HDDC2GSD6O9VVALGQYG6SMRNSEM2509PGH01H2UFX5FR', 4);

insert into TARIF (ID_TARIF, ID_OCCURENCE, LIBELLE_TARIF, PRIX) values (8, 13, 'TEC7IGITNT8WJ5YFNF8JPG3FR02H408B3FBBYTNDFCJCRF338P', 11);

insert into TARIF (ID_TARIF, ID_OCCURENCE, LIBELLE_TARIF, PRIX) values (1, 7, '5PC81FHT12CREJX4J4BC495DABON321RMSUHY 4DGBKPCHDJ3F', 19);

insert into TARIF (ID_TARIF, ID_OCCURENCE, LIBELLE_TARIF, PRIX) values (0, 16, 'D6WWPFBN 0PH1SAV5RN00S8T7V4ADYBN85JRY8JRUF9E773MLB', 7);

insert into TARIF (ID_TARIF, ID_OCCURENCE, LIBELLE_TARIF, PRIX) values (9, 1, 'HJHHDP25F1V0MNE ADMV2KONUYDS07W7LKP33OB5NXLKMXT23A', 14);

insert into UTILISATEUR (ID_UTILISATEUR, ID_REDUCTION, ID_STATUT_UTILISATEUR, ID_CIVILITE, NOM, PRENOM_, MAIL_, MDP_, MOBILE_, NAISSANCE_, INSCRIPTION) values (14, 3, 1, 15, 'IHK5VWOOVQ9EY4FSAYA2GI39LCO HBXXCSNCIETW2NWA3XQ1CU', 'NS5IE3G4BSRIBWM 628SA5ISEX05G6CUC70NPT8DTJTRG3N AT', 'EKRQ2F14SI IN7GRNUFI9OX0CX9HJXL565VVTAUN815D0CRJXQ', '130T0B5JJ90338AXY7JB7NKYY327 0S0UG3 YRQAMORA2H00BG', 'F GQOHLKSA7UVIGAQB1G7EKRBVJ2OAP3D1UM7GJ2RBWTMTNJGS', '925-11-9', '706-6-23');

insert into UTILISATEUR (ID_UTILISATEUR, ID_REDUCTION, ID_STATUT_UTILISATEUR, ID_CIVILITE, NOM, PRENOM_, MAIL_, MDP_, MOBILE_, NAISSANCE_, INSCRIPTION) values (2, 19, 11, 11, 'PX6HECGXL72BVJIBM8 IMSIM8G6L6JP7V VVKHST38NAAMO6CJ', 'K4U8NGAKB6USH91S4XRR6LYIRVJYA8NX21JIRQL6SA3D1NEO7G', '4LPW3VVWRIC7CWLR JSVXTOKQHDDV0E9 UO0 AQFJ7 TUOE0F1', '9O6XOP6NIRRGGOA1VSK6FG1A19RPNM002NPP3GL0G9BMD08LF8', 'XGG  UTN2091XIYNVDKP6XHRFNJJ09UVY 5AEDEU6O0BH 4D7D', '393-12-19', '141-11-5');

insert into UTILISATEUR (ID_UTILISATEUR, ID_REDUCTION, ID_STATUT_UTILISATEUR, ID_CIVILITE, NOM, PRENOM_, MAIL_, MDP_, MOBILE_, NAISSANCE_, INSCRIPTION) values (12, 6, 3, 0, 'G3SHS0DWEVTE3YDT0IA2VOFH5HL1Q31QP VINSSFKIM1HI4UOC', 'J3 XO7DSWMFAPISMB86YHO1 2OXDITOB BJ AV0JTI1B8DF032', '3ON NU0F2JKRQIP2AQQ8Y388GEVI8FK116LPF0LNAQ7DBE5T S', '7P1 92DP7VL2C85WTYX6M60N XPUF32TMC TM6EWYRQPIRUQ2K', 'W5YXS98CU9YI1ILYSVEVOXM32WCT5J4 60KF 7EYMW0UIEY9WK', '992-1-8', '816-5-3');

insert into UTILISATEUR (ID_UTILISATEUR, ID_REDUCTION, ID_STATUT_UTILISATEUR, ID_CIVILITE, NOM, PRENOM_, MAIL_, MDP_, MOBILE_, NAISSANCE_, INSCRIPTION) values (19, 19, 3, 19, '2O NB5A78TO7D265EM3DDN6CD8YTI7O9D9PJU8DSHCO9FM IQW', 'B3GPAQGRACX0JNX5VYJKT4JAE1G6DBMTTJFQH3XXE1JPHN5L5K', 'BX2L BVXTECI4NKRS09NYY33S4LWVR79V6 DO69M9WFIH0I4IG', 'XTKJEIGI91JU5J1RBYD4XLVXQWMJNX84IEMO1TT9GI3D9 0HUF', 'QGN8UBITOWR8KODRS8RRMIXMVE72SWTI9RPRVGCDRJ2D3YA5KQ', '1339-1-22', '995-5-14');

insert into UTILISATEUR (ID_UTILISATEUR, ID_REDUCTION, ID_STATUT_UTILISATEUR, ID_CIVILITE, NOM, PRENOM_, MAIL_, MDP_, MOBILE_, NAISSANCE_, INSCRIPTION) values (11, 11, 9, 11, '6REYD6UYSDBUE9J0NIHGBKK83IP7U28O4HKGXXPGC7OGYBTDNE', 'J4GK3YSMYBMQLQDASY5M1TMEN9VI9 P0U7D0IQQTSYUIN7 T8E', 'S391FXGTFM2H9FR91PSMH X2IJO8O6430IDP7XJR33LQEVF1 N', 'OM 49OU2PQ6TO0Q WHG8MXF6MJ37JTWBMQNCV31NNU982GCMF6', '8XA6OVGTGRJUU30WMEEME72PML 9N90VUEG2OFS9 J845 6LMS', '1677-10-30', '1569-4-4');

insert into UTILISATEUR (ID_UTILISATEUR, ID_REDUCTION, ID_STATUT_UTILISATEUR, ID_CIVILITE, NOM, PRENOM_, MAIL_, MDP_, MOBILE_, NAISSANCE_, INSCRIPTION) values (18, 9, 12, 13, '5ESWJGDR0F8U1JCK03BFIC8W7L3HE5OI6C18H57COP5UCFFL7L', 'IX7AMX PQGTW12F6LIP5VXD4EVAYO6YVGMSK3QPXOQA7T2L8T9', 'FFESPH3FDKP66IDTQT50GU7JY5OHIUXYGHQ4M9 UW87MEVRQG7', 'ESQ0X0FGKU0RKO6R9MS3W5CMTJIDOF66Q6JSEYUKP178JN8C9U', 'SYI64TCC474EE2KPSCQB0GX9NRU730BA3NCGRTKV2A866BO5N8', '59-7-24', '889-4-17');

insert into UTILISATEUR (ID_UTILISATEUR, ID_REDUCTION, ID_STATUT_UTILISATEUR, ID_CIVILITE, NOM, PRENOM_, MAIL_, MDP_, MOBILE_, NAISSANCE_, INSCRIPTION) values (5, 8, 19, 8, 'NMQF4IWH7TCDWN8G1 9UD3E7D63H2O3FNHQUYN48BDMBL9HKDM', 'G11PIIA3W1OXGXHE31WAAL2N21TS5BEFJH8JHP4HTOD5RYTX9G', 'YDVGWYDI6FRMHAAM4BW3I6BFMCMUDRDR8IJHM6LLT45RJ 2Q20', 'KBO0G5 PHHTKX8GJPAV30IOGDU7EKC7H498UOP16WCG5FDSMED', 'GSGLTJ5VWYAWQ4YYJHV81624FHW4XT2XFHOHMRSK9SEKA9Q2K ', '736-1-7', '1217-10-20');

insert into UTILISATEUR (ID_UTILISATEUR, ID_REDUCTION, ID_STATUT_UTILISATEUR, ID_CIVILITE, NOM, PRENOM_, MAIL_, MDP_, MOBILE_, NAISSANCE_, INSCRIPTION) values (4, 10, 2, 19, 'Q9SD9V9YA63G0XR T PIOP6B4M67FC9ONIM4SFVAQ9L3N3355K', '5SQ2UJDU1M88D6IUIAW07D9HBH81AXEV0TCMORFBKGFFDTYS8B', 'W5CM7IDEWLX4WEF6EFAS66GBS9I7KT2535L6XQR5DVGW42 HJ8', '4F3AUC3YK3VWXHS365JXDV38WFDX1M7OI214OGEUBYRHACCVPK', 'J3X2 D3HAJGKNP28AEN49 QI8STGFAU   S3BOHN94R1RWR736', '1546-5-11', '1488-9-25');

insert into UTILISATEUR (ID_UTILISATEUR, ID_REDUCTION, ID_STATUT_UTILISATEUR, ID_CIVILITE, NOM, PRENOM_, MAIL_, MDP_, MOBILE_, NAISSANCE_, INSCRIPTION) values (10, 15, 6, 12, 'MQSG4SM6BX AMOMU4SUGUD5QPC6SC2UJ J2 6YT4PFJL077YPD', 'UHJ6EB64M4D6GJUJW7UOBGPPQ9RKA9SLQ1O97AVO4X8FC27OJL', '5683TYWK5X6SGW6CPMFI 7EXGWUR6Q7GXGI8LDVRNU0NGPYJMG', 'HPLCT87MAFPB K34RKW0PER8QUD4XDPQV8FM4800MSG068KP2F', 'QLYA18SXK8NXPQLYKMAQRPVYSNDRST270WUPRA6U6XQBDTWNNR', '820-12-20', '1-1-1');

insert into UTILISATEUR (ID_UTILISATEUR, ID_REDUCTION, ID_STATUT_UTILISATEUR, ID_CIVILITE, NOM, PRENOM_, MAIL_, MDP_, MOBILE_, NAISSANCE_, INSCRIPTION) values (3, 2, 1, 0, 'S6LD8XSD4MWRV5COJE11BWA5T9OTVNXBBQ2JHFC0G0SE6YCEMQ', '9Q0JUCJTIQVHRKHCY3OTCFCWOJU9PFVCJCE4MTLY8OXXY8BT93', 'B55JFKRRFH8JS4QLJGB3BCKGTFAEE0N0X49B53PV A9SUT3BDP', '9UVEX77XED35P9 WRAMUMUR42IHNB2PTSA3EG6I2S6SLVWYHOF', 'P90MAPWM3PBSBB1LMGHDOWOMMU 3L8SH308SXJVX84G34 TYLU', '876-7-20', '1973-6-29');

insert into UTILISATEUR (ID_UTILISATEUR, ID_REDUCTION, ID_STATUT_UTILISATEUR, ID_CIVILITE, NOM, PRENOM_, MAIL_, MDP_, MOBILE_, NAISSANCE_, INSCRIPTION) values (9, 18, 2, 1, '0BN856Y3G6Y5LQLY 5F20II4R3JPTK5P4176I2JOWXPWJ54IMI', 'NKS38B7COC8KTSY1C0R75C9QME94XO6SWKJ 97WPGNRDS0EBHD', 'H YGV1 7 YOMHE4V81CDYF79BO3MW2SYG6MO0OJ2IQ2Q9IJTXG', '7I1HYVJ74LBC92J72PMIVT26ET2BX0BO8FW9FRY MJ8TBUV1SF', 'LEQ3K7XXLPJE8GMSAO94TDQD60X4P3S5HLYUOBXY31RCI61D08', '163-10-1', '577-4-19');

insert into UTILISATEUR (ID_UTILISATEUR, ID_REDUCTION, ID_STATUT_UTILISATEUR, ID_CIVILITE, NOM, PRENOM_, MAIL_, MDP_, MOBILE_, NAISSANCE_, INSCRIPTION) values (6, 16, 19, 4, 'D1LQ1X50PKOGCU IBYQVJC6SCNTOUS WMQ1096 E9V4YVIX366', '6 RDJB1XP9EY P221W6DKJNYEPKYFPIKWAHBNU4WK97EIEQKY7', 'XRLBHH9NF8G587H1D6R884SA0AI1FI2M376CU30GTSJMQFTAEM', 'EJE0WJQQRBUQ48GKGL8SM9 SGQ936NREEP5T6WX25OL9JQ2QOV', ' PBG6 E4A9JVSPDG35AEKEESFUMVWN2KW1DJUDW8 EHXXVGS0I', '1811-4-6', '1650-1-18');

insert into UTILISATEUR (ID_UTILISATEUR, ID_REDUCTION, ID_STATUT_UTILISATEUR, ID_CIVILITE, NOM, PRENOM_, MAIL_, MDP_, MOBILE_, NAISSANCE_, INSCRIPTION) values (0, 4, 2, 16, 'E9A85GXDNY40OOCVI8OEWHSAEHSRV4 O6ELAAPFDE5P70ANG9U', '8HMSR6HVC9BSV95PP4VRQX69AMDGDW3Q1W6G2NGRPDW61GAE9L', 'BBEILJ3P5DPGAV15K00985H AC2PIV28BB3GMN4YJSV94T7K3L', 'C6Y LHWEG22KTBXE2NWJL907 G9HLG5KPIKO9H8557AQ9MU405', '2PET7 U60L8I221FCQL3EHX26Q41QLU137PO8TH5F7WTKHJO0X', '595-7-4', '1345-4-14');

insert into UTILISATEUR (ID_UTILISATEUR, ID_REDUCTION, ID_STATUT_UTILISATEUR, ID_CIVILITE, NOM, PRENOM_, MAIL_, MDP_, MOBILE_, NAISSANCE_, INSCRIPTION) values (1, 0, 17, 8, 'BW9IPQYYJHH2PMXXM6RAR9LYR2W3HRPTKR0TBGDU C0BCDN4YE', '8LQRROYH67C5LUHIWUHMYABHVNRN7BAKF IB6FO8C8YK7ECX9 ', 'B7N R37WL3K1URQGY5H2 JE97I2B6YH7R5RK5U9PDRWDDG2OBU', '86QMTQQF5513443N5A5EQDIBRPQJTDPDI4Q5P5EN63RPJ48ONF', 'HELSBKLBLI4AQ1E15UPI2K9SFOP0HG30W4V 7CIGB3UIXAEUG5', '468-8-24', '1115-5-23');

insert into UTILISATEUR (ID_UTILISATEUR, ID_REDUCTION, ID_STATUT_UTILISATEUR, ID_CIVILITE, NOM, PRENOM_, MAIL_, MDP_, MOBILE_, NAISSANCE_, INSCRIPTION) values (7, 0, 6, 8, 'E2PVVLU7YKSBGL7UTPXXE4ERDBPNJOM8NVYC3UYXG7D 87GT K', '2MN88CN03QCMRB7RKP80S9AN5U2EYKJRTUHQ2 DBYXOPOE3NY0', 'NHQHXMJTFKPCVP0C1RAJTX3TBMJ53R7TKYMCNFFUI1NCSPE3UQ', 'WODFLGJIC10OVH65FPGEKRG4J8Y1Q 44IKRSC URJXDK13XN V', 'DYQLSXEK8BU PCFKLVQUAUOF7W5JPLA63GI UI5YXD27BRIRWB', '1221-2-25', '488-6-5');

insert into UTILISATEUR (ID_UTILISATEUR, ID_REDUCTION, ID_STATUT_UTILISATEUR, ID_CIVILITE, NOM, PRENOM_, MAIL_, MDP_, MOBILE_, NAISSANCE_, INSCRIPTION) values (13, 19, 11, 17, 'OX CG 5MLEVX0ONK538 FCAHWVY7W4FSMK5J80MQMX6NYK53RV', 'WPPJK2C1DN9WIWRIY9GQGO9WG5M89FMLBAAQE4WHEHK6Q7T3VX', ' 1MK4FJW95289DJP19J11AHE316NVQHW7OUCHU6KNDMERUTDJS', '9HSO416L41P4ED7NE8NWWHVJBB7XW8VCTUFCBA5KOOA2RIFBWF', 'O0BIV7G050 LTIGJAHJF7IYWGJQ16TUFYBGAR5RMQFAY QXY0B', '1-1-1', '257-11-23');

insert into UTILISATEUR (ID_UTILISATEUR, ID_REDUCTION, ID_STATUT_UTILISATEUR, ID_CIVILITE, NOM, PRENOM_, MAIL_, MDP_, MOBILE_, NAISSANCE_, INSCRIPTION) values (16, 18, 8, 9, 'FT2D1 1DOOJYRSQ45A7MN6FR27LILD9L0Q2NW9A6M8TBA0W9CR', 'HNWARM1 OWHWG2U3S9LI PNOMGAISE1ALLFB5A1U7E9W7FW0WF', 'YK9VEQ81DR3L4Y1D3TU9SB16UDPNJRR5OYID9BFK50B3UWTIA8', 'UFOA M1UX4M07RY9G2KNQSAEHKHJB6I6PFWA6MJHSERL0X7E3H', 'CDQXGSF18O6SDKMTWPUX5TW22MBGXOWA9TK FBI7FYUUDEY0A6', '227-3-4', '1902-12-19');

insert into UTILISATEUR (ID_UTILISATEUR, ID_REDUCTION, ID_STATUT_UTILISATEUR, ID_CIVILITE, NOM, PRENOM_, MAIL_, MDP_, MOBILE_, NAISSANCE_, INSCRIPTION) values (15, 3, 19, 11, 'BESMEPCHMW3DYJDK1NSW2750J W VV9JUN8L0VXU2WE43A7S M', 'PYPNQNKI1LFIKIN6C0YG3U4DR8KT4DP9W46EFAY ECCSM7 UOL', 'IYT2UH50N5O0M0WV0KYQ69N5INM0Y2VQG9K0OTF0XS9K3K7UJ9', '5MQ02BAQGYN034CPD6HNPU8HA9UIQ1FLG6EQQHP SQOE61TC48', '9CLYSP580BS28NK07FSYG3EY73LXCYNTU7 PPPT9Y PPHA1 S2', '1449-8-1', '1768-7-8');

insert into UTILISATEUR (ID_UTILISATEUR, ID_REDUCTION, ID_STATUT_UTILISATEUR, ID_CIVILITE, NOM, PRENOM_, MAIL_, MDP_, MOBILE_, NAISSANCE_, INSCRIPTION) values (17, 10, 8, 19, 'O8HJ4I8BQT2TQB0SF1SW526FCNV6ITQPA7EFPNPV D8MF4V85C', 'PV4NOCPU4S95NI V9GP0Q7HP3TJM7S3DSO3GHKLMD2ASMTGYTI', '9S6DGR9ODU0IM6DHBO93XRF033DLL3LAXP9OI6UOX8RWP6I 8U', 'EL4JQGEQN0DVHK3WF9M1JYOE QXO3QAAQ4X7KMDBPNLO5XSSUN', 'CH6CMJ0SPBBAFJ2B2 5WQ M5UG9KSL5RT O1XBJ3A5K5G22IJ0', '1072-3-5', '372-6-15');

insert into UTILISATEUR (ID_UTILISATEUR, ID_REDUCTION, ID_STATUT_UTILISATEUR, ID_CIVILITE, NOM, PRENOM_, MAIL_, MDP_, MOBILE_, NAISSANCE_, INSCRIPTION) values (8, 9, 12, 12, 'PNKMKGCD7BF4I7GGWHFSXPN5F4F OJ9I5UU5HLW2 78XHXH3TB', 'MRAD3K3JVFG UNH67 O4HIOQ9AYIF7MKG3EFNXR59W76YS01TJ', 'IWCJQDYKQEHO9KJUEF8H56YA2QR8U7CKI9RA3CH8PQOFC LWQG', 'R6MLJ2N55T1G5MRR1JYJPWRHLA9HEH3RW2K6XC4JBAFI755PX8', 'POYE6M6HECDDOEUT6UNQSBT6061WNP 9600BH4O8T3RRKU M0Y', '340-1-27', '706-6-23');

insert into COMMANDE (ID_COMMANDE, ID_UTILISATEUR, REFERENCE, DATE_CREATION) values (1, 4, '4VGBVKHJ9 TGAJME7X42EUV7QTFE8TKYQN4WXQX 68GB94WO62', '1741-1-28');

insert into COMMANDE (ID_COMMANDE, ID_UTILISATEUR, REFERENCE, DATE_CREATION) values (10, 1, 'EK8WW78MG3U5NPJHMV 9E6FVI6J XV XNRE0 FQKRST3MNF0BE', '732-10-25');

insert into COMMANDE (ID_COMMANDE, ID_UTILISATEUR, REFERENCE, DATE_CREATION) values (15, 18, 'UXRS4Y4WPIXJ68 GJA0JE9RK7U6UJ05136VILOWS7N65IU2Y7I', '488-12-22');

insert into COMMANDE (ID_COMMANDE, ID_UTILISATEUR, REFERENCE, DATE_CREATION) values (9, 13, 'TEUIE6X8I9PDJJU5HBO7SVO32BU3B0OOFDSKDAX00 EHVJQUWW', '355-5-30');

insert into COMMANDE (ID_COMMANDE, ID_UTILISATEUR, REFERENCE, DATE_CREATION) values (16, 18, 'MMMOVEDEGR7Q9VK60DIQGBA4Q2P4LM0FRN6P3JTDCKPDTSKYEE', '1530-7-1');

insert into COMMANDE (ID_COMMANDE, ID_UTILISATEUR, REFERENCE, DATE_CREATION) values (4, 14, 'LF5MCXAK4DCYQENT1KS7FF8J4ANQWQ6CXMEY7G HOSQYYC4V98', '1293-5-12');

insert into COMMANDE (ID_COMMANDE, ID_UTILISATEUR, REFERENCE, DATE_CREATION) values (12, 18, 'BT9M7SA5VNYDTXD1D2 R0JHC7DOMAPG3OFEYKLK4D48R26AR1B', '1076-2-28');

insert into COMMANDE (ID_COMMANDE, ID_UTILISATEUR, REFERENCE, DATE_CREATION) values (6, 5, 'QRSM6A3MUIMBS QR0AWEWPTD9M15NA3QNB3SYEESI6QXY2456F', '140-12-21');

insert into COMMANDE (ID_COMMANDE, ID_UTILISATEUR, REFERENCE, DATE_CREATION) values (13, 16, '3UQUNCJL 5VJ31U5X5HT0MQRMV509M52CO U4KN7KLXUCJKWL3', '631-11-16');

insert into COMMANDE (ID_COMMANDE, ID_UTILISATEUR, REFERENCE, DATE_CREATION) values (11, 5, '12IHK7JM4SBV4S2S7I796XN1BWXA05P3D4BF5G0W5TA8B3YAEY', '1417-3-11');

insert into COMMANDE (ID_COMMANDE, ID_UTILISATEUR, REFERENCE, DATE_CREATION) values (8, 18, 'QBR3E93UOYHC4TRAM6LCUG0 XO1G3D5Q8930A4U78T8VY12DD1', '915-11-30');

insert into COMMANDE (ID_COMMANDE, ID_UTILISATEUR, REFERENCE, DATE_CREATION) values (19, 4, '4J5B3HQVL4PFJU39TU0ONY2UMYORMJB3XOAK8 24BDD16MG7OM', '548-6-1');

insert into COMMANDE (ID_COMMANDE, ID_UTILISATEUR, REFERENCE, DATE_CREATION) values (0, 17, 'N44ECP T 3CB0Y8BWHTJ DLB U9V8IFEGUHB3OPJUANRP BVYK', '1-1-1');

insert into COMMANDE (ID_COMMANDE, ID_UTILISATEUR, REFERENCE, DATE_CREATION) values (18, 3, 'SKE8T0MQGS3FV1 CEV0P74KSH7J4IPNCMYY FDQP WJOSB5A3M', '1629-12-24');

insert into COMMANDE (ID_COMMANDE, ID_UTILISATEUR, REFERENCE, DATE_CREATION) values (7, 1, 'QDYFO7BGD231HMB 3KV90XL9TS2X1JBJJXFA197PU2G289DB0J', '269-10-13');

insert into COMMANDE (ID_COMMANDE, ID_UTILISATEUR, REFERENCE, DATE_CREATION) values (3, 16, 'OGEPK90VKJ41E0JB4EQVOLD30T DU2R5CL6KQPWO7M2 4TN3LE', '799-9-13');

insert into COMMANDE (ID_COMMANDE, ID_UTILISATEUR, REFERENCE, DATE_CREATION) values (17, 12, '62S37Q5924CO3BF9W3ET4OXMVMV5JGET126MBADB4YY1LKKYD4', '1150-8-16');

insert into COMMANDE (ID_COMMANDE, ID_UTILISATEUR, REFERENCE, DATE_CREATION) values (5, 16, 'H60YPUSFHLNC61B901IN4P0CDIK4C0OJDVT8JJE1F688KG75WJ', '1354-1-17');

insert into COMMANDE (ID_COMMANDE, ID_UTILISATEUR, REFERENCE, DATE_CREATION) values (14, 16, 'BE 6X0RR7VFR7I1AEYGUH6LABC798G3S2SF9ESTVDAHDNAWBJ5', '1016-12-28');

insert into COMMANDE (ID_COMMANDE, ID_UTILISATEUR, REFERENCE, DATE_CREATION) values (2, 17, 'JS6SIROJTN8YBTWO3I3PSFRK9YX8 5QKVDUY6TXB4MAPT2QMLB', '1789-10-10');

insert into LIGNE_COMMANDE (ID_LIGNE_COMMANDE, ID_COMMANDE, ID_TARIF, ID_OCCURENCE, QUANTITIE) values (5, 9, 12, 0, 11);

insert into LIGNE_COMMANDE (ID_LIGNE_COMMANDE, ID_COMMANDE, ID_TARIF, ID_OCCURENCE, QUANTITIE) values (4, 5, 6, 4, 17);

insert into LIGNE_COMMANDE (ID_LIGNE_COMMANDE, ID_COMMANDE, ID_TARIF, ID_OCCURENCE, QUANTITIE) values (2, 18, 0, 17, 5);

insert into LIGNE_COMMANDE (ID_LIGNE_COMMANDE, ID_COMMANDE, ID_TARIF, ID_OCCURENCE, QUANTITIE) values (10, 7, 6, 1, 7);

insert into LIGNE_COMMANDE (ID_LIGNE_COMMANDE, ID_COMMANDE, ID_TARIF, ID_OCCURENCE, QUANTITIE) values (13, 5, 11, 7, 8);

insert into LIGNE_COMMANDE (ID_LIGNE_COMMANDE, ID_COMMANDE, ID_TARIF, ID_OCCURENCE, QUANTITIE) values (1, 10, 1, 19, 12);

insert into LIGNE_COMMANDE (ID_LIGNE_COMMANDE, ID_COMMANDE, ID_TARIF, ID_OCCURENCE, QUANTITIE) values (3, 13, 17, 17, 10);

insert into LIGNE_COMMANDE (ID_LIGNE_COMMANDE, ID_COMMANDE, ID_TARIF, ID_OCCURENCE, QUANTITIE) values (8, 4, 13, 9, 16);

insert into LIGNE_COMMANDE (ID_LIGNE_COMMANDE, ID_COMMANDE, ID_TARIF, ID_OCCURENCE, QUANTITIE) values (9, 1, 8, 12, 9);

insert into LIGNE_COMMANDE (ID_LIGNE_COMMANDE, ID_COMMANDE, ID_TARIF, ID_OCCURENCE, QUANTITIE) values (15, 7, 0, 18, 14);

insert into LIGNE_COMMANDE (ID_LIGNE_COMMANDE, ID_COMMANDE, ID_TARIF, ID_OCCURENCE, QUANTITIE) values (11, 4, 17, 7, 13);

insert into LIGNE_COMMANDE (ID_LIGNE_COMMANDE, ID_COMMANDE, ID_TARIF, ID_OCCURENCE, QUANTITIE) values (12, 16, 14, 1, 19);

insert into LIGNE_COMMANDE (ID_LIGNE_COMMANDE, ID_COMMANDE, ID_TARIF, ID_OCCURENCE, QUANTITIE) values (17, 15, 18, 4, 1);

insert into LIGNE_COMMANDE (ID_LIGNE_COMMANDE, ID_COMMANDE, ID_TARIF, ID_OCCURENCE, QUANTITIE) values (14, 8, 7, 18, 3);

insert into LIGNE_COMMANDE (ID_LIGNE_COMMANDE, ID_COMMANDE, ID_TARIF, ID_OCCURENCE, QUANTITIE) values (7, 16, 2, 3, 0);

insert into LIGNE_COMMANDE (ID_LIGNE_COMMANDE, ID_COMMANDE, ID_TARIF, ID_OCCURENCE, QUANTITIE) values (16, 12, 8, 16, 6);

insert into LIGNE_COMMANDE (ID_LIGNE_COMMANDE, ID_COMMANDE, ID_TARIF, ID_OCCURENCE, QUANTITIE) values (0, 9, 1, 1, 18);

insert into LIGNE_COMMANDE (ID_LIGNE_COMMANDE, ID_COMMANDE, ID_TARIF, ID_OCCURENCE, QUANTITIE) values (18, 8, 16, 19, 4);

insert into LIGNE_COMMANDE (ID_LIGNE_COMMANDE, ID_COMMANDE, ID_TARIF, ID_OCCURENCE, QUANTITIE) values (19, 0, 6, 13, 15);

insert into LIGNE_COMMANDE (ID_LIGNE_COMMANDE, ID_COMMANDE, ID_TARIF, ID_OCCURENCE, QUANTITIE) values (6, 18, 14, 17, 2);

insert into PREFERER (ID_THEME, ID_UTILISATEUR) values (19, 14);

insert into PREFERER (ID_THEME, ID_UTILISATEUR) values (4, 2);

insert into PREFERER (ID_THEME, ID_UTILISATEUR) values (18, 12);

insert into PREFERER (ID_THEME, ID_UTILISATEUR) values (2, 19);

insert into PREFERER (ID_THEME, ID_UTILISATEUR) values (3, 11);

insert into PREFERER (ID_THEME, ID_UTILISATEUR) values (6, 18);

insert into PREFERER (ID_THEME, ID_UTILISATEUR) values (9, 5);

insert into PREFERER (ID_THEME, ID_UTILISATEUR) values (14, 4);

insert into PREFERER (ID_THEME, ID_UTILISATEUR) values (1, 10);

insert into PREFERER (ID_THEME, ID_UTILISATEUR) values (15, 3);

insert into PREFERER (ID_THEME, ID_UTILISATEUR) values (16, 9);

insert into PREFERER (ID_THEME, ID_UTILISATEUR) values (10, 6);

insert into PREFERER (ID_THEME, ID_UTILISATEUR) values (13, 0);

insert into PREFERER (ID_THEME, ID_UTILISATEUR) values (11, 1);

insert into PREFERER (ID_THEME, ID_UTILISATEUR) values (17, 7);

insert into PREFERER (ID_THEME, ID_UTILISATEUR) values (0, 13);

insert into PREFERER (ID_THEME, ID_UTILISATEUR) values (7, 16);

insert into PREFERER (ID_THEME, ID_UTILISATEUR) values (12, 15);

insert into PREFERER (ID_THEME, ID_UTILISATEUR) values (5, 17);

insert into PREFERER (ID_THEME, ID_UTILISATEUR) values (8, 8);
